,podcaster_id,name
0,17293748,Ø±Ø§Ø¯ÛŒÙˆ Ø±Ø§Ù‡
2,7697322,Ehsanoo Podcast
3,16024112,ChannelB Podcast
7,19016209,Banafsheh Taherian
9,15814516,Ø³Ù¾Ù‡Ø± Ø®Ø¯Ø§Ø¨Ù†Ø¯Ù‡
10,12347707,Ù…Ø®ØªØ§Ø± Ø±Ø²Ù…Ø¬Ùˆ
12,10049203,Jadi Mirmirani
16,14078348,marzie rasouli
20,7859627,Nav Cast
23,9225691,Shahin JN
26,13480902,10am Podcast
28,23064620,Mojtaba GhahvechiBashi
32,27379575,Hoomak
35,26144944,Nazanin Moali
39,9217357,Helli Hendesi
40,14330993,Iman Fani
44,16641339,Pari  (Ù¾Ø§Ø¯Ú©Ø³Øª Ù†Ø§Ø¬ÛŒ)
45,25679143,Mr.gray
50,7717534,Ravaqpod
52,26899294,Ø´Ù†ÙˆØªÙˆ shenoto
55,16682348,Amirali Gh
57,18832708,Dr. Mosi
63,8350502,Ø±ÙˆØ²Ø¨Ù‡ Ø§Ø³ØªÛŒÙØ§ÛŒÛŒ
65,8120994,Radio Deev
67,18256867,Podcast
69,15705349,Hesam Ipakchi
73,6196416,Poria
77,13966239,Rasoul Hasanpour
78,7543292,Koron Podcast
81,6881539,moad tabari
83,10943538,Mehdi Parsa
85,8096147,Mehdi Abbasi
87,13387606,Hezarsarv Ù‡Ø²Ø§Ø±Ø³Ø±Ùˆ
88,19319939,Hamed Derakhshani
89,23250574,Radio Majera
91,7747991,Mahdi Pourbaghi
93,13930353,fiction podcast Ù¾Ø§Ø¯Ú©Ø³Øª ÙØ§Ø±Ø³ÛŒ ÙÛŒÚ©Ø´Ù†
96,7336596,Ehsan Tarighat
98,17731521,King Raam
100,9191310,Radio Offside
101,16818955,Masoud Fahimi
102,16045081,Ø±Ø§Ø¯ÛŒÙˆ Ù†ÛŒØ³Øª
103,15751893,Amin Matin | Ø§Ù…ÛŒÙ† Ù…ØªÛŒÙ†
106,21957460,Jedaal
109,17821125,Ù…Ø­Ø³Ù† Ù¾ÙˆØ±Ø±Ù…Ø¶Ø§Ù†ÛŒ
111,19288820,moniaz Podcast
116,9917438,Bardia Barj
120,10887293,Mehdi Abbasi
123,14357533,Ardeshir Tayebi
125,19676377,Pouriya Marefat
126,8178802,Footballlab Podcast
131,18950115,Dast Cast Ø¯Ø³Øª Ú©Ø³Øª
132,19491060,haagir vaagir
135,18102080,Mehdi
137,14199420,amir soodbakhsh
138,11825668,Yuri On RADIO / ÛŒÙˆØ±ÛŒ Ø¨Ø± Ø±Ø§Ø¯ÛŒÙˆ
143,9525176,Amin Aramesh
145,10020919,Ø§Ø­Ù…Ø¯ ÙÛŒØ§Ø¶ | Ahmad Fayaz
147,6479750,Arash Thr
150,14402532,Nima Talaei
154,18625493,ÙÙˆØªØ¨Ø§Ù„Ú©Ø³Øª
156,19446565,mohamadsaber cheshmberah
159,19213217,Rodia@ Zhabiz
160,27584822,Mahsa
162,18195281,Ù¾Ø§Ø¯Ú©Ø³Øª Ø¢Ø±Ø§Ù…Ø´
165,10102209,Khodcast
171,19629816,Persa Real
174,21612578,Shayan Eskandari
176,18000219,Ø§Ù…ÛŒØ± Ù„Ø·ÛŒÙÛŒ
177,14194668,TimeCoach
180,23773309,shabdokht
181,10648092,Taha Nist
182,6954138,Arya Bakhsheshi
184,18950558,Saeid
185,17455669,rastmard Ø±Ø§Ø³ØªÙ…Ø±Ø¯
190,25828463,Ron K
191,24170316,3danet
192,8670471,Reza Tavakoli
196,21454805,Radio Tragedy
201,13130175,Ø§Ø­Ø³Ø§Ù† - Ù¾Ø§Ø¯Ú©Ø³Øª Ø´ÛŒØ±Ú©Ø§Ú©Ø§Ø¦Ùˆ
204,18619509,Ataeionline.com
207,10826498,Hamed Ghadiri
210,19274895,Afshin T
211,14994005,Ù…Ø±ÛŒÙ…
213,13515971,Sajad Sepehri | Ø³Ù¾Ù‡Ø±ÛŒ
217,18447336,Kelidarpodcast
221,8369702,Mersen
223,16898551,MONTANA
224,9827877,hajar soleimani
230,11730152,Ø§ÛŒÙ…Ø§Ù† Ù†Ú˜Ø§Ø¯Ø§Ø­Ø¯
233,14232877,4rahe computer
236,17800971,Farsi Readings
241,13901040,Amin Alirezaee
242,15407628,Ù¾Ø§Ø¯Ú©Ø³Øª Ù‡Ø±ÛŒ Ù¾Ø§ØªØ±
252,15884484,Morteza M.khani
253,9280115,Ghafpodcast(Ù…Ø§Ø¦Ø¯Ù‡ Ù‚Ø±Ø¨Ø§Ù†ÛŒ)
255,13742421,Ali Rajabzadeh
259,16089160,Radio Joloun
264,20268649,Ali Hanife
270,13473917,Ù…Ø¬ØªØ¨ÛŒ ÙØ±Ø§Ù‡Øª
273,27960271,FarsiBan
274,19323031,Amir Saeid Mehr
275,16708908,book podcast
278,14413365,Iran International
279,12819871,PersianBMS
282,11533806,mahdi aghaee
284,18429820,akhare shab ba rooh
285,21968968,Arash Modaresi
288,14211940,hadis khosravi
295,16642635,Ù¾Ø§Ø¯Ú©Ø³Øª Ø®Ø±Ù‚Ù‡
297,23794517,cinema spoiler
298,8535477,MrAli
300,18755230,Mohammad Javad Elmi
302,28322992,Ali Etemadi
303,24055701,Amir QmarC
305,13798787,M Farjami
307,18050658,Ucast
308,9753769,Amin Podcaster
310,17477044,Hossein Razavi
312,19039061,Mavara Center
315,19032228,Flemingo Podcast
317,19023878,Ashkan Akai
318,17750216,Salamati24
321,24779825,Radio Iran International
323,17357953,Gerdsoz Radio
324,6953926,S
325,10267220,Nada Abdulrahman
329,21483659,Kian kosari
334,9549888,Hamed Jafari
341,18306796,RadioMosalas Podcast
343,22428540,CRYPTO MUSIC - Ú©Ø±ÛŒÙ¾ØªÙˆÙ…ÙˆØ²ÛŒÚ©
345,22028907,Lye B
346,14856750,Hooman
348,20372331,Bukit podcast
351,16853022,Morteza imanirad
354,8991560,Aminoofsky
360,8190499,Alireza Banijani
365,17425205,Kamyar Haghshenas
367,16545428,Mo Tahmasbi
369,16519593,Ajil Podcast
371,21319864,anousha nafas
374,25153126,hamed tbtb
376,18240053,Pedrawms
378,7543167,mamsoudi
382,19586433,ARC TALK
383,17793142,goosheno
384,18128132,Sepideh Alizadeh
386,9251766,The Pejhan
388,9674962,Mohammad Amin Chitgaran
392,15478778,Gap Time
393,9301410,Meysam Dehghani
394,23112845,Reza Karimabadi
395,18976695,Payman
396,16313618,MihanBlockchain
398,22522476,Milad Nouri
399,23676879,Amin Ghanbari
400,20100942,Ù¾Ø§Ø¯Ú©Ø³Øª Ú©ØªØ§Ø¨ Ø¬ÛŒØ¨ÛŒ
404,11296607,Tahlil Bazi
406,7944743,Aidinism
410,18395361,Talksio Poscast
411,11143815,Ù„ÙˆÛŒÛŒ Ùˆ Ø¯ÙˆØ³ØªØ§Ù†
417,24333423,Masood Mousavi
418,20737491,StartCast | Ø§Ø³ØªØ§Ø±Øªâ€ŒÚ©Ø³Øª
420,21830109,nimac
421,18451236,Samira & MihdÃ­
422,18867238,R.O. Tik
423,18251117,Farhad
434,8589558,Atbin Abot
436,18281615,Danial Behzadi
438,19253208,Mohamad Hesan Azad
439,25682249,Asghar Chamchool
440,15990914,The Persian Germanist
441,13976402,Ù…Ø­Ù…Ø¯Ø¹Ù„ÛŒ Ù†Ø§Ù…Ù‡ Ø§ÛŒ
443,13953794,gazette cast
445,14733328,Zarqam Narehei|Ø¶Ø±ØºØ§Ù… Ù†Ø±Ù‡ Ø¦ÛŒ
447,18288287,Ø´Ù‡Ø§Ø¨ Ø¬Ø¹ÙØ±ÛŒ
449,16311133,Ø±Ø§Ø¯ÛŒÙˆ Ù‚Ø¬Ø±ØªØ§ÛŒÙ…
452,23795030,mester melk
455,19212406,Cut Media
456,20253782,Mohi
463,18195088,horny healthy
467,12192372,Ø³Ú©ÙˆØª Ø¨Ø±Ù‡â€ŒÙ‡Ø§ | Sokoote Barreha
470,16698595,Zahra Marzani
474,9140446,Akbar Sharabyani
475,18568153,Tintin Pod
476,10034149,Mehdi Sotoudeh
479,19221286,Soheil Alavi
483,17568299,mehrun karimi
491,14211905,Alireza Payandeh
492,16858204,Scrooge
495,22907200,Ramin
496,21224582,Moheb. B
501,11854291,Khosro Masoumi
503,24159162,Radiomonastro
510,18293441,koosha xodabandeloo
512,22060925,Ø¨Ù†ÛŒØ§Ø¯ Ù…Ø·Ø§Ù„Ø¹Ø§Øª Ø§ÛŒØ±Ø§Ù†
516,18633081,Abbas Rezaei
518,21316276,Ehsaan Karamy
519,9630079,laleh Abr
520,20514022,Osloub podcast
526,19244939,Sina Khatib
532,4688565,Ø­Ø³Ù† Ø§Ø¬Ø±Ø§ÛŒÛŒ
533,7208614,Mahdi Majidzadeh
540,18685723,hamunix
545,18150210,Karcast - Ú©Ø§Ø±Ú©Ø³Øª
547,20121055,Ramin Havaei
549,22882288,Siavash mehr
550,21839361,Ù…Ù† Ø¨Ø¯ÙˆÙ†Ù Ø±ÙˆØªÙˆØ´
552,18046573,hoopoecast | Ù‡ÙˆÙ¾ÙˆÚ©Ø³Øª
556,8837584,Milad islamizad
559,18155575,Hooman Bagherian
560,9191170,Setareh Babaie
562,19200142,Radin Khodadadi
564,15329999,Farhad Arkani
567,8266848,RumiBalkhi.Com
576,26403451,vaares podcast
577,14837239,iGhe3
578,12307114,BioCastPodcast
580,25476930,Shahrzad App
581,19182276,Mohsen Rahmani
583,17631519,Amin Moghadasi
585,20281414,Hossein Sadeghifard
587,16076490,LEM Podcast
590,8731812,Mona Momenzadeh
593,14871374,Shadi Shin
595,20748708,Periscope Podcast
596,15973772,ravi podcast
598,25832509,ID25832509
600,12616134,AMIN RPG
601,9611123,Abbas
604,18448796,Kiana Sorooshnia
606,6341971,mohammad javad mohebi
613,25277766,Chiara Maggi
614,21006779,Root User
616,29998825,Farda Podcast
626,21743861,Factnameh
627,20827602,Mohammad Fazeli
630,11650769,Moe Fatehi
631,10066984,morteza Hossein Ahlou
632,12252841,Araz Pourvatan
636,17380199,Radio Mojdeh
637,17524690,Radio Hekmatane
645,28713285,Ù†ÛŒØ¢ÛŒØ´
646,15401835,MOHAMMADREZA KHODABAKHSHI
651,16951207,skyto group
661,22445195,Aida Kohandel
663,18965904,Radiowski Podcast
672,20867358,mahdi farajollahi
673,17069916,Mohammad Fattahi
674,26560134,AliReza Mohammaddostdoost
677,25144629,mozhdeh ehsani
679,18064448,Ø¹Ù…Ø§Ø¯ Ø¬ÙˆØ§Ù†Ù…Ø±Ø¯ÛŒ
681,9640212,Amir Javadian
682,24207676,Radio Zaban
685,14852759,Omid Hormozi
686,19219008,Nevisesh
697,20812490,Negah Movie
699,33261637,Margnameh
701,34941997,Roja Andii
704,28699810,Ù…Ø¹Ù…Ø§ÛŒ ÙÙˆØªØ¨Ø§Ù„ | The Enigma of Football
705,14968594,Radio Padio | Ø±Ø§Ø¯ÛŒÙˆ Ù¾Ø§Ø¯ÛŒÙˆ
708,16553589,Ù¾Ø±ÛŒØ³Ø§ Ù‚ÛŒØ§Ø³ÛŒ
709,20358403,Book_With_Arsii |Ú©ØªØ§Ø¨ Ø¨Ø§ Ø§Ø±Ø³Ù„Ø§Ù†
719,19910367,Seyyed Mahdi Hosseini
721,19435816,Ø¯Ø±ÙˆØ§Ø²Ù‡ ØªÙ‡Ø±Ø§Ù†
729,18055664,Seyed Reza
731,7852963,Hossein Babaei
734,15336968,Ali Fatehi
738,17435344,HM Tweet
739,17195001,Ø±Ø§Ø¯ÛŒÙˆ Ù‡Ø´Øª
751,12376148,Ø§ÛŒÙ†ÙˆØ³Øªâ€Œ Ù¾Ù„Ø§Ø³
755,23365835,New Psyche Institute
758,21582008,Ø³ÙØ±ÛŒ Ø¨Ø§ Ú¯Ø°Ø´ØªÚ¯Ø§Ù†Ù…
778,16739971,Mohammad Taqizade
781,18287524,Shokoufeh Aghabozorgi
782,21606890,Arian
791,20548012,Alpay
798,22334292,mohammad ali torshizi
802,17784853,Biotalk Podcast
805,6966332,Mehrad Rousta
809,18997222,Erfan Morshedi
811,23448076,Mohsen Zamani
813,25606277,Sharif Karimi
816,24355667,Koorosh Heydari
820,21931543,Farzad A
821,28041435,Ø±Ø§Ø¯ÛŒÙˆ Ù†Ø³ØªØ±Ù†â™¦ï¸Ø¯Ø§Ø³ØªØ§Ù† Ùˆ Ù‚ØµÙ‡
822,11764577,Naser Haddadi
838,14764812,amirhosein1720
840,27722778,weewhy.media
847,28949452,odaydq
850,24541611,Amir Borhan
859,21824288,Enginees Podcast
870,18091413,bahar hariri
877,15070915,Mehdi Roozrokh
885,19399722,Adib Tabatabaie
890,21635084,Hossein Derakhshan
900,19709283,Hidrophy co.
901,11083062,instagram: Pouyagi Ù¾ÙˆÛŒØ§ Ú¯ÛŒÙ„Ø§Ù†Ù…Ø±Ø§Ø¯
905,18600323,paberah podcast
917,22863466,Peiman Amin
919,15228745,Hamed Gholinasab
931,18674261,Alireza Heidari
933,15351654,Keyarash Habibian
936,15127337,Maryam Mardoust
937,18255378,RadioKotlin
940,21855608,Kiana_Adineh
941,25822880,Kabul Diaries
943,12053117,Mas Nik
951,24210286,joseph
953,20936015,Havaalimag
956,18505523,Ù‡ÙØªÙ‡â€ŒÙ†Ø§Ù…Ù‡ Ø´Ù†Ø¨Ù‡
958,21726258,Avaa Cafe
960,20639409,Milad
963,22362640,AnimeAcademia
965,27875818,Keshawarzyar
968,14279788,Chalak Majidi
970,18991635,radio mashq
971,9905612,hamed mohseni
975,21673341,Amirparsa Neshat
977,17526954,Potanj
979,22376772,Fara Podcast
980,23570750,Mortal Podcast
983,26985571,Ø¯Ú©ØªØ± Ø§ÙØ´ÛŒÙ† Ø·Ø§Ù‡Ø±ÛŒ Ø§Ø¹Ø¸Ù…
984,23960725,Parham Haghighi
985,24661811,Mehraniac
987,23459782,dajuy
988,25728058,AliAkbar
989,26064255,Radio Nesyan
990,29993691,Audio podi /Ø¹Ø§Ø¯ÛŒÙˆÙ¾Ø§Ø¯ÛŒ
991,9850467,Hosein Aura
993,9853674,Mohamad Nazemi
995,26071135,Nedaye Chang
996,22893710,Zhila Hasanloo
997,26977834,saeed Hasanabadi
1000,19229905,Hamid Soltanabadian  | Ú†Ø±Ø® Ùˆ Ø³ÙØ±
1002,25675801,Ø®ÙˆÙ†Ø§Ùˆ
1005,14720493,Erfan Akhavan Azari
1007,26000422,Marathon Podcast
1011,23820808,Ahmad Gholami Mehrabadi
1013,24881148,Tell Show Do
1014,25389517,Neda Mousavi
1016,21516091,Boutigha Podcast
1019,24293155,Anna Hushidari Fard
1021,21187575,ahoo imani
1024,20095948,Reyhan Bikhial
1025,19478663,hobootestan
1029,15957801,Ehsan Sayyafzadeh
1032,38256803,Ø±Ø§Ø¯ÛŒÙˆ Ù¾Ø§Ø³Ø®
1033,13650022,Purple Smile
1035,15104621,bahram zoghi
1038,23793729,savabi dscesthetics
1039,23546094,Ø³Ø§Ù…Ø§Ù†Ù‡ Ø¯Ø§Ù†Ø´Ø¬ÙˆÛŒÛŒ Ú©Ø§Ù„Ú©
1040,24046825,Radio Karafarini | Ø±Ø§Ø¯ÛŒÙˆ Ú©Ø§Ø±Ø¢ÙØ±ÛŒÙ†ÛŒ
1041,24786607,seyed ehsan modarresi
1046,27347439,Radio Incantation
1053,11113888,Ghasemian Saman
1054,23597444,Ù¾Ø§Ø¯Ú©Ø³Øª Ø¯Ú©Ù„Ù…Ù‡ Ù‡Ø§ÛŒ Ø¹Ø§Ø´Ù‚Ø§Ù†Ù‡ Ø¹Ù„ÛŒØ±Ø¶Ø§ Ø·Ø§Ù„Ø¨ÛŒ
1055,14054721,Podium Podcast
1057,22202400,Emadjamalzadeh
1065,23353010,madd media
1067,20099775,MDemon
1068,22358372,Nima Yazdi
1072,19026944,MowjGame | Ù…ÙˆØ¬â€ŒÚ¯ÛŒÙ…
1073,16990342,Mohabat Alliance Church
1074,16882807,POPCast
1078,27107281,Ø±Ø§Ø¯ÛŒÙˆ Ø³Ùˆ
1080,28262333,ID28262333
1087,26814694,Setareh Shabkook
1097,19662074,Mohammadreza Faghihi
1099,14080860,Shahram BozorgMehr
1101,25061497,Mr.miiim | Ø¢Ù‚Ø§ÛŒ Ù…ÛŒÙ…
1102,17951253,Ali Safari
1104,18635940,mahla tabasi
1106,26058941,Khash Nejad
1108,20623553,ardalan ebrahimi
1110,28972878,felbedahe radio
1112,27436053,vaziat sefid
1118,20162209,Morteza Barzegar
1122,27201312,Pisheroo Podcast
1141,20523786,AmirHome
1143,21355220,Zevalekhab
1146,16366292,Siavash Beheshti
1150,18094412,masood talari
1155,14846862,Mohammad Zarafshan
1162,10674834,Behzad Beheshtian
1168,7470845,Ø§Ù…ÛŒØ± ÛŒØ§Ø±ÛŒ Ù¾Ø§Ø¯Ú©Ø³Øª Ø¯ÛŒØ¬ Ø§ÛŒÙ…ÛŒØ¬
1171,23584912,Ø±Ø§Ø¯ÛŒÙˆ Ú¯Ø±Ø§Ù Ù‡ÛŒÙ†Øª
1173,19635485,Vian Vian
1178,22998040,nazanin hosseinpour
1181,17985623,Nasrin Momeni
1183,9076227,Amir Andalibi
1188,10695324,Parastoo
1189,16057709,seyed javad khoshghalb
1191,19871637,GooshMaahee
1195,20475661,jushs
1199,16142218,Ø¢Ú©Ø§Ø¯Ù…ÛŒ Ù‡ÙˆØ´ Ù…Ø§Ù„ÛŒ
1205,26812521,Daniel Nouri
1215,21635810,Tragedy of education
1217,24169221,Libschatten
1218,15186100,Graph Podcast
1225,28242478,Berkeh radio/ Ø±Ø§Ø¯ÛŒÙˆ Ø¨Ø±Ú©Ù‡
1230,16759788,Ú†Ø´Ù… Ø³ÙˆÙ…
1232,21045570,Bahman Chehel Amirani
1244,18484701,hojat salimi
1246,20617974,Ali Ahadi
1247,17421722,Saeed Setoodeh
1250,21649345,Pardis
1253,19245997,Mohsen Khosravi
1266,16805835,Amer Andish
1272,9242180,Farzaneh Mohammadian
1276,22905696,Ali Mehdipour
1278,21880195,sara_mortazavi_publisher
1282,8520447,Omid Hojabri
1289,12384614,siavash aghaie
1300,20846122,Raheal
1304,19900267,Chortke Podcast
1305,21136433,Zirelab Podcast
1311,19504526,Mahshid Shirazi
1313,18045894,chizpod
1315,20303718,naser mohammadabadi
1323,16116807,Mostapha Kalami Heris
1325,16289396,Nader Nourbakhsh
1327,21242623,Tanine Omid
1328,9685194,Sajjad and amir
1329,22473818,Hi Medit
1333,11097460,Hassan
1340,18914788,Ø¯Ø§Ø³ØªØ§Ù†â€ŒÙ‡Ø§ÛŒ ØªØ§Ø±ÛŒØ®ÛŒ
1342,23209444,Pouria Abdipour
1350,20258131,Je-Tone Podcast
1352,8293859,Ø³ÛŒÙ†Ø§ Ù…ÙˆØ³ÙˆÛŒ
1354,28931757,Ramin Azodi
1357,14490442,Davood Arsooni
1365,24695658,theodosius podcast
1368,21525272,Sajjad Norouzian
1369,16185744,Ebrahim assadi
1374,23418336,Saeed Saadatian
1375,20755519,Bardia Sohrabi
1376,18508772,RadioBizz
1377,22200117,miocene podcast
1379,25350947,Ù‡Ù…ÛŒØ´Ù‡  Ø¯Ø± Ù…ÛŒØ§Ù†
1382,26248540,Ali Shahed
1383,21205177,Mohammad9574
1384,23391908,amir nayerzadeh
1387,31045923,Give Me Visa
1388,25139251,Ø±Ø§Ø¯ÛŒÙˆ Ø¨Ù‡ÛŒ
1391,25642363,Milad KelThuzad
1392,23547097,Radio Tarash
1395,25419187,Pooriya Nikan
1397,24181132,mrk media
1401,21012501,M. H. Jafarian
1404,11804884,Shaihabak - Ø´Ø§ÙŠ Ø­Ø¨Ù‚
1405,20612537,Ardavan Anoosh
1406,25688493,Daro Chi
1408,24748259,Sports Whisper
1409,18143592,Amirhosein Asgari
1411,25811870,Shoa Cast
1412,24903228,ArdaPodcast
1413,14979925,armin yousefi
1415,27716204,Yugen Podcast
1416,19790640,MASAF
1419,24194970,Ù…Ø­Ù…Ø¯Ø§Ù…ÛŒÙ† Ø§Ø³Ú©Ù†Ø¯Ø±ÛŒ
1423,26452626,Ù…Ø´ÛŒØ±ÛŒÙ‡
1425,26138281,ravi sho
1429,26127631,filmemrooz
1431,27437420,Milad Amiri
1432,25572178,Gibbon Radio
1434,15222135,Aref Injast
1437,17442866,Radio Eware
1460,26170434,Amir
1483,18809319,Radio Adi
1494,20499517,Ù…ÛŒ Ú†Ù†Ø¯
1496,25359126,Ebrahim Asadi
1499,14687776,Pirooz Ekhtiyari
1500,25005637,Farsi1
1502,15463033,Ù¾Ø§Ø¯ÙˆÚ©
1507,16032690,Ali Sekhavati
1510,30464257,Ø¢Ø±Ø´ÛŒÙˆ Ø¹Ù„ÛŒ
1512,28522202,Masoud Heidarkhan
1513,17869886,DooDooCast
1515,17407048,Abolfazl Mohebbi
1516,15227876,Ø¨ÛŒ Ú¯Ù„ÙˆØªÙ† | bgluten
1517,26990010,Arman Rad
1520,18865561,Ø³Ù…ÙÙˆÙ†ÛŒ Ú©ØªØ§Ø¨ | Book Symphony
1522,15279644,Theorium
1529,17922968,avaapodcast
1539,9286388,Mehsen ğŸ™
1552,27184022,fullstack podcast
1555,24205510,Radio Mecialism
1556,18218456,madahzadeh
1560,14024857,yasaman aboodi
1562,13568381,Amirsoheil Kordkarimi
1570,22921990,Aydin Jabbarpour
1571,34128438,Nimkat Podcast
1574,22191550,Platypus Walking Club
1575,18410383,Hesam Bokazadeh
1576,23072154,Ù…Ø±ÛŒÙ… Ø¹Ù„ÛŒØ¯Ø§Ø¯ÛŒ
1579,23987890,Naencast
1599,20594276,Angah Magazine
1605,14017214,Mohammad Nafisi
1635,9695347,CAÂ§H
1637,19375136,Vahid Shahrokhi
1643,19412656,Yasan Bangash
1649,19199528,â„ï¸ soheil salamat
1658,23824217,radio league
1663,20789955,Barzin Ranjbari
1665,25043205,Kooche
1667,24466019,amir Dali
1676,11067556,Sayyed Mohammad Emami Razavi
1689,21613485,Ø¹Ù„ÛŒ Ø§ØµÙÙ‡Ø§Ù†ÛŒ
1690,28632131,Pegah Fardi
1700,24170434,asansor podcast
1707,22891879,Hesam Hoseini
1710,20558951,Ali Soheily
1714,21010668,Looti Bax
1727,24845786,Mohammad Amin Monsef
1729,19229238,Mahsa Hekmat
1730,24293477,Ú©ÛŒÙˆØ§Ù† Ø¹Ù„ÛŒØ²Ø§Ø¯Ù‡
1731,27158976,ramin Keshavarzi
1736,24873096,ID24873096
1743,21467575,Mahziar Fendereski
1749,21238401,Soheil Daliran Miab
1750,23095002,khashayar norouzi
1756,18567159,Design Cast
1765,13852372,Zankebashi
1770,11448468,Mahdi Mirashrafi
1774,18101342,Bahar Mostafiz
1793,16039071,radiosevom
1800,7581088,Saeed Bibak
1807,21471898,Ø¢ÙˆØ§ØªÙˆ
1808,19487870,Siavosh Vahabzadeh
1822,13503763,Iman Abouhamzeh
1823,17868233,BinoshaCast
1828,32777654,Abbas Kalantari
1829,18542707,khesh khesh podcast
1834,15446203,Hosein Eghbal
1835,26895839,mahdi nazari
1836,23113258,Sadeq Bitarafan
1839,17901005,ØªØ¬Ø±Ø¨Ù‡ Ø²ÛŒØ³ØªÛŒ
1840,21902036,Ù„Ø·ÙØ§ Ø¨Ø§ ÙÛŒÙ„ØªØ±Ø´Ú©Ù† Ø¯Ø§Ù†Ù„ÙˆØ¯ Ú©Ù†ÛŒØ¯
1843,20857266,Ú©ØªØ§Ø¨â€ŒØ®Ø§Ù†Ù‡â€ŒÛŒ Ù…ÙˆÙ‚ÙˆÙÙ‡â€ŒÛŒ ÙØ±Ù‡Ù†Ú¯ÛŒ Ø§Ø¯Ø¨
1848,17958123,Arete Art
1851,22672871,Fatemeh Alvandi
1855,18032704,sajjad ghorbanian
1857,18421354,Shervin Zavarei
1858,19624404,1001 PodCasts
1859,22925151,Gumanig Podcast
1861,28449360,Ø¯Ú©ØªØ±Ø¯Ú©ØªØ±
1864,23151290,GhesseGoo Podcast
1866,17780904,Ø¹Ù„ÛŒ Ø¹Ø±ÙØ§Ù†ÛŒØ§Ù†
1867,18292808,Avizh Radio
1869,22886321,Vista
1872,20132435,mehrad bazrgar
1874,14251061,Daryush Bahrani
1878,25278359,Farshad
1879,22838509,alireza tamizi
1880,25226856,Owsaneh
1883,22087751,Arshia Taheri
1888,24565313,Dele Ketab
1889,29030650,hamzan podcast
1890,21807520,Sarah & Azade
1891,24140772,Michkaa
1893,25086119,Gonbad Kabod
1895,12283993,Mohammad BeheshtiRad
1897,27159900,Dochar Podcast
1898,9665412,Arash Rasoulzadeh
1903,20680462,Ø±Ø§Ø¯ÛŒÙˆ Ø±ÛŒâ€ŒØ±Ø§ | RadioRira
1907,25030683,amitis nouroozi
1913,18388301,navarezard
1915,12202198,Khosousi
1916,20867651,Ú©ØªØ§Ø¨Ø®Ø§Ù†Ù‡ Ú©ÙˆØ¯Ú©Ø§Ù†Ù‡
1917,27842457,harf2harf
1918,24051973,Ù¾Ø§Ø¯Ú©Ø³Øª Ù‚ØµØ´ | Ghessash podcast
1919,13051258,ØªØ±Ø¬Ù…Ø§Ù† Ø¹Ù„ÙˆÙ… Ø§Ù†Ø³Ø§Ù†ÛŒ
1921,23056851,Tarikhazbikh
1923,14620753,Ù…Ø­Ù…Ø¯ Ø¬ÙˆØ§Ø¯ Ø§Ø¹ÛŒØ§Ù†ÛŒ Ø«Ø§Ù†ÛŒ
1926,16980820,Mah cast
1928,26983963,Ali E
1930,25683353,Radio Risk
1931,12290571,Alif Lam Mim
1932,14764536,radio-kherad
1934,23382850,golemanoto
1939,23421767,Alireza Sefidgari
1950,18496066,Ù¾Ø§Ø¯Ú©Ø³Øª Ú©Ø§Ø³Øª
1955,14656394,radio wagon Ø±Ø§Ø¯ÛŒÙˆ ÙˆØ§Ú¯Ù†
1991,15663917,btox Podcast
1997,28573898,Shaghayegh Cafca
1999,18955393,Doredonya
2003,26002264,Reshtoo Khan
2005,24061420,radio zaban
2017,19572367,Dr Maedeh Bazargan
2031,24879011,Emad Aghaie
2045,21767152,masoud
2046,13975772,Ali Bameri
2047,16021297,Zip radio
2060,16249248,behravan psychology
2065,19299849,Jahani no
2077,16846737,Ali Mofrad
2078,26106235,sepehr samadvand
2085,20521556,Mim Amin
2089,16721347,Radiokurdi
2094,21127266,Parnia aghakhani
2096,16238588,Hosein Saein
2097,20504519,Ø´Ù‡Ø±ÙˆØ²
2101,21954868,Peyman RahimiNejad
2103,11361151,Hedie Mirimoghadam
2104,14239575,FightClub Podcast
2105,24904559,Ali Rezaiefar
2106,15025697,Qafaseh
2107,27503356,Bornosor
2110,18829988,kooch radio
2112,21559852,baadaz 56
2116,23522101,Sakura
2117,25130910,13 Magazine
2122,18688342,Alireza m
2123,18682791,Faezeh Leela Emadi
2126,21324906,ehsan la'l
2127,22214885,Ø§Ø´Ú©Ø§Ù† Ú©ÛŒØ§Ù†ÛŒ
2128,24005458,Radioo_GAP
2129,23716436,Azhdihak
2131,14810986,Kaaveh Mohamedi
2135,25742461,Farhad Kharazmi
2137,9309151,Parsa
2144,13834090,Budio
2147,23870100,Ø­Ø³ÛŒÙ† Ø§Ø¨Ø±Ø§Ù‡ÛŒÙ…ÛŒ
2158,22641535,Ø±ÙØ²
2166,24014112,Behzad Ghobady
2173,24306453,fokahi Cast
2174,23867372,Ardaena Network
2175,21322265,ID21322265
2183,21942032,Amouj Academy
2186,17663541,Erfan Moosavi
2196,25881069,Hossein Zahmatkesh
2198,27973595,Ø±Ø§Ø¯ÛŒÙˆ Ø²Ù†ØŒ Ø²Ù†Ø¯Ú¯ÛŒØŒ Ø¢Ø²Ø§Ø¯ÛŒ
2200,20642637,Radical Radio
2204,11496365,Amir Hossein Goodarzi (Numb)
2205,11662102,Reza Seyyedi
2209,18385784,Peyman Yazdani
2210,15945268,Ú†ÛŒÙ† Ù†Ú¯Ø§Ø±ÛŒ Chinegari
2211,20149368,alica alica
2217,25088315,Elmiranekouclub
2219,33538173,ID33538173
2228,24403576,zahra tavangar
2230,18496710,the_radio_cula
2232,23858786,ğŸ…¼ğŸ…´ğŸ†ğŸ…¸ğŸ†ƒğŸ…°
2240,15848270,KAMRAN HEIDARI
2250,15880518,Saeid_Mohebinia
2254,18022688,ROYALMOHTAVA
2258,19472716,andazamedia@gmail.com
2268,20807575,podcast hamporsegi
2271,15103375,MAHID (Mahla & Vahid)
2273,18355024,Saman Attarian
2274,17869038,YekParvAnDe
2275,17639820,Ø¹Ù„ÛŒ Ø§Ú©Ø¨Ø± ÙØ±Ø¬
2279,22526644,DoMajor Podcast
2280,19609589,Ø²Ù†Ø¯Ú¯ÛŒ Ø¨Ø§ ÙØ´Ù†
2283,24691774,Simiaroom Podcast
2285,20212219,Ø¨Ù‡Ø§Ø±Ù‡
2287,17830671,Aref Mousavi
2289,29162286,mhs info
2290,25165523,Hesam M.Salehi
2291,11858060,Amirhosein Noroozi
2292,18542886,Rasa Cast
2296,24889372,Justicece Center Project
2297,28828566,Aliasghar Honarmand
2298,24627551,Peyrang Team
2301,23648675,Nasim Farkhondeh
2303,22754193,SAT7PARS
2304,24836310,Seen Cast
2305,21742316,Talk the Talk
2307,26626225,Nikava Podcast
2308,17528353,IranWire
2310,25514204,tirdad kiamanesh
2311,21272539,Nooshin Pirhadi
2312,14215127,ğ“œğ“» ğ“¡ğ“ªğ“¿ğ“²
2314,22181874,Arbi Movsesian
2316,23591330,Happy Clinic Radio
2318,25088563,Mohammad Reza Amini
2323,27924033,Teeleh Podcast
2324,17306646,parisa zandieh
2326,23578032,Ù¾Ø§Ø¯Ú©Ø³Øª ØªØ§Ø±ÛŒØ®ÛŒ Ú¯ÙˆØ³Ø§Ù†
2327,25874566,dehliz podcast
2328,26117758,Gray Zone
2329,17800903,Sumcast
2330,24749425,SparkChannel Podcast
2331,26340782,panda bookclub
2334,20131250,Juliet Roudini
2340,20662628,Amir Akhondi
2343,19436481,Parking Studio | Ø§Ø³ØªÙˆØ¯ÛŒÙˆ Ù¾Ø§Ø±Ú©ÛŒÙ†Ú¯
2345,22753292,payacast
2347,18444573,yalda mg
2348,18418449,farhad ashabi
2351,21788381,Raay Cast
2358,18897633,Hafezpajouhi
2364,27126763,Sara Medi
2371,15317180,Radio Collage
2388,21073174,Vahid Takro
2393,16596958,Matin Kazemi
2397,19546993,Pouria Shoghi
2402,19960980,Ù¾Ø§Ø¯Ú©Ø³Øª Ú˜Ù†ÙˆÙ… Genome
2403,22757599,pole zendegi
2406,18197243,ArghavaanOfficial
2407,9103632,Jalal Taheri
2418,19934347,motoraano
2421,23415852,Alireza
2422,24544110,taladis yousefi
2425,27048780,Mr_cina_
2437,24684036,BoomDaad Podcast
2439,17729566,Fahimeh Hosseini
2447,12106157,Saeed Moradi
2448,21482108,Mona Shabanpour
2449,23683856,farayad
2459,24728698,radio pargast
2460,17777022,jove podcast
2461,19755753,Adel Pashaii
2468,27111099,Behzad Javadian
2471,26150162,Farzadmirtalebi
2473,28662825,peyrangteam
2480,24890087,radio kalameh
2484,11846759,Muhi
2510,25743291,shonoud
2517,11674022,Ø±Ø§Ø¯ÛŒÙˆ Ø¢Ù‡Ù†Ú¯
2524,22657237,Mohammad mahdi Zakeri
2526,18055394,Hoda Sarkeshik
2535,20779705,re a
2540,15310773,behzad
2567,17732780,Zahra Taheri
2570,18017341,Mohamad Ali Momeni
2579,17225585,Mohamad Aminian
2582,19953547,Mehdi Malekan
2586,19773591,mahdi moalem
2589,20551321,Kazem Zarif
2591,21206569,Ali Khoee
2599,15974855,Footeamo Podcast
2604,18076241,Arshia Shizarpour
2620,20715217,Ø§Ù„Ù…ÛŒØ±Ø§ Ú¯ÙˆÙ‡Ø±ÛŒ
2621,17423393,Fleeflex
2622,28847229,Ø§Ù…ØªØ­Ø§Ù† Ù¾Ø§Ø¯Ú©Ø³Øª
2627,16930343,fatima Sayah
2657,18045837,Baharak Ghorbani
2662,16158804,alireza pir
2665,19067657,Natooredasht
2667,11287448,Reza Fazlollahnejad
2674,13521732,Ù…Ø­Ø³Ù† Ø¹Ø²ÛŒØ²
2675,18476982,Azadeh Rahimi
2676,13631263,shila razagh karimi
2679,18713639,mohsen fakhary
2680,23686707,Hamtacast | Ù¾Ø§Ø¯Ú©Ø³Øª ÙØ§Ø±Ø³ÛŒ Ù‡Ù…ØªØ§
2684,14077619,Radio HamAva
2685,22094499,Uncut Podcast
2692,16219643,Ø¯Ú©ØªØ± Ù…ØµØ·ÙÛŒ Ø§Ù…ÛŒØ±ÛŒ
2695,26751267,wellgardi podcast
2698,24670703,crypto tong
2703,10408885,Pedram Keshavarzi
2706,25358832,Sahand Iranmehr
2707,22517005,Untash Gaal
2714,20804811,Zahra Karimi
2717,17249049,Hossein Afshari
2718,25407103,pejman norouzi
2720,24609862,saeidreza maleki
2722,16818965,Hossein Azadi
2724,23517952,Mehran Hassanzadeh
2729,19385935,R.S
2730,23418166,ROMA Group
2734,21417778,Ù†ÙˆØªØ±ÛŒ Ú©Ø³Øª | Nutri cast
2736,15091879,mohamad taha asgari
2738,14417475,Ali Najipour
2739,21428186,Royalstate
2743,34959030,Betavaneghahve Betavaneghahve
2751,18548633,Radioejtemaei
2752,24562602,Ú¯Ø±ÙˆÙ‡ ÙˆÚ©Ù„Ø§ÛŒ Ø¯ÛŒÙˆØ§Ù† Ø³Ø§Ù„Ø§Ø±
2755,18635880,raz & meh
2757,23297717,studio fatehyazdi
2759,20298748,CZC ORG
2762,21931421,Darcast
2763,17135731,Mostafa Abbasi
2764,20906102,Radio Cassette | Ø±Ø§Ø¯ÛŒÙˆ Ú©Ø§Ø³Øª
2765,17752212,farzaneh niknezhad
2768,21770743,unes shojaei
2769,23816795,Karemun | Ú©Ø§Ø±Ù…ÙˆÙ†
2770,19403054,drmajidrahimi
2771,24759769,Behdad Farahvahar
2773,23404131,Asre Hashtom
2774,23498303,Honarmand
2778,25665073,Lia Mag
2779,15328188,NerdishMe
2781,18130493,PharmaCast
2783,34523261,recovery podcast
2786,23976911,thisistalkshod
2789,19624777,shadi lavi ğŸ¦‹
2810,18419224,Ali Mosavi
2829,27248564,Afroz Sadat
2830,23466607,Hasti .Naderi
2831,15943572,Etudiant
2834,16807546,Hesabno
2835,19193472,Ù‡ÙØªÙ‡ Ø§ÛŒ ÛŒÚ©Ø¨Ø§Ø±
2841,13638110,Mojdeh Khosravi
2848,24949119,Rahadokht
2857,15551509,Ø³Ø§Ø±Ø§Ø§
2860,18459741,ØµØ§Ù†
2866,21794734,Ù¾Ø§ØªÙˆÙ‚ Ù¾Ø±ÙˆØ§Ø²
2869,24880295,Ryan Lotfey
2875,12798396,Hadi
2882,21382718,Mohamad Danesh
2885,18851087,Tamas Podcast
2889,24855583,Mohsen Tahmasb
2890,14409533,Ali G. Moghadam
2891,21094035,h a
2893,8873933,Mohsen Yousefi
2904,19845051,Ethanol Podcast | Ù¾Ø§Ø¯Ú©Ø³Øª Ø§ØªØ§Ù†ÙˆÙ„
2910,18200536,Ø²Ù†Ø¯Ú¯ÛŒ Ù†Ø§Ø±Ù†Ø¬ÛŒ
2913,21021022,Nzi Trk
2924,19868734,Radio Mehrazi
2927,26201784,Almeida Dias
2935,20339983,Siavash R
2939,9511716,Hesam Haddad
2941,23523908,Arezoo Elmian
2942,26838750,amlak talk
2945,24285761,Chame Podcast
2955,22533897,Coffee Therapy
2965,24977129,Hamisheteam
2966,12130941,Ali Navardi
2968,24826841,Masihadam
2970,32258420,zahra maadani
2991,21703234,Eyn Podcasts
2997,25584620,Sonia Beikzadeh
3001,25913181,Ø§Ø² Ø³Ø±ÛŒ Ù¾Ø§Ø¯Ú©Ø³Øª Ù‡Ø§ÛŒ Ú©Ø´ÙˆØ±Ú¯Ø±Ø§ÙÛŒ
3003,36082355,Ù¾Ø§Ø¯Ú©Ø³Øª ÙØ§Ø±Ø³ÛŒ Ù…Ø¯Ø±Ø³Ù‡ Ù†Ø±Ùˆ
3004,20724351,Arash Dabestani
3009,19356445,Ù…ØµØ·ÙÛŒ Ú©ÛŒØ§Ù†ÛŒâ€ŒØªØ¨Ø§Ø±
3011,28813842,The Basket Podcast
3014,18692199,Ashkan Honarmandian
3015,26768361,Moon Learn
3018,15735317,Chakava
3019,16158681,trapezium podcast
3022,19192947,Sajedeh Sa
3023,24064063,Art of teacher
3029,24066512,Radio Dijan
3035,22186097,Ø¹Ù„ÛŒ Ø±Ø¶Ø§ ØªÙˆÚ©Ù„ÛŒ
3040,18875860,ali raz
3042,20614809,Emran Saeed
3044,26509583,GORGIN
3048,22209203,Zabanbist _com
3049,25794965,áµ…Ë¢áµáµ…
3051,19793515,Nakh Podcast
3059,16658168,Ø±Ø§Ù…ÙˆØ¬ÛŒ
3060,23692731,shaghayegh poorenayati
3064,22732715,Fateme Moslehzade
3067,15572542,Chizcast
3069,24437503,mahboub shariati
3073,14432328,Sedi Rajabi
3074,25647285,radio emkan
3075,21977390,Ù¾Ø§Ø¯Ú©Ø³Øª Ø®ÙˆØ§Ù†Ø§
3076,13840491,Radio.Sitcom
3077,11031018,YMIR
3078,11665114,Amin Ghonch
3082,18117979,Nahid Mazidi
3084,16198343,Khoshfekri
3085,16037051,raahcast
3087,23535765,mohamaddashti
3089,24832122,IranServer | Ø§ÛŒØ±Ø§Ù†â€ŒØ³Ø±ÙˆØ±
3092,23948485,bidarsho podcast
3093,15533520,SIGNAL | Ø³ÛŒÚ¯Ù†Ø§Ù„
3095,25331456,Retroteam
3098,20567097,MirHasan Valavi
3099,26232580,keyvan esfandi
3100,29199204,radio commerce
3106,14912942,Amir H. Fassihi
3107,18795004,Ali
3108,23825247,animatus/Ù¾Ø§Ø¯Ú©Ø³Øª Ø§Ù†ÛŒÙ…Ø§ØªÙˆØ³
3109,28299101,Radio Polytechnicum
3110,7936752,Midnightcast
3112,26760805,Radio Potk - Ø±Ø§Ø¯ÛŒÙˆ Ù¾ÙØªÚ©
3113,23065202,PsyClick
3115,20517168,Ù…Ø­Ù…Ø¯ Ù…Ù‡Ø±Ú¯Ø§Ù†
3119,14921338,Mohammad Mobini(Ù¾Ø§Ø¯Ú©Ø³Øª Ø¢ÙˆÙ†Ø¯)
3121,24048416,BarcaCast
3122,24917563,Reza Safavi
3123,26010968,Podgard | Ù¾Ø§Ø¯Ú¯Ø±Ø¯
3128,22017265,ID22017265
3132,18894347,Ú¯Ø±ÙˆÙ‡ Ø¢Ù…ÙˆØ²Ø´ÛŒ Ø¢ØªØ§Ù†Ùˆ - Ø¯Ú©ØªØ± Ø§Ø­Ù…Ø¯Ú¯Ù„
3135,24017195,avaye hamyar
3136,19779906,Mahbod Darami
3138,21506241,Ù¾Ø§Ø¯Ú©Ø³Øª ØµØ­Ù†Ù‡ Ø¬Ø±Ù…
3140,24919548,Mehrad
3143,24213236,Ù¾Ø§Ø¯Ú©Ø³Øª Ø¢ØªØ´ Ù†Ø´Ø§Ù†
3144,23892626,Artisan
3145,31675427,RADIO AYA
3155,24533866,tfshops
3156,20119856,Vahid Mohebi
3158,20419251,P. T. Tabayi
3160,20990364,Hossein Sobhani
3163,17955087,erfan sheikhbahaei
3164,28042524,Forkast
3175,24160774,Parsa_Rad
3177,27261715,Siroos Behdashti
3178,24461890,smartkids podcast
3179,23826296,Sohail Dailami
3180,22010094,Payam Bahrampoor
3183,23043055,Sina Seyedi
3189,25371863,Afshin1126
3190,11362679,Ù…Ø­Ù…Ø¯ Ø¹Ù„ÙˆÛŒ
3193,10036973,Radio Gousheh
3196,17656152,Alireza Azabdaftari
3198,11365984,Startbox Podcast
3211,19181850,faegheh alaeddini
3217,16124963,ma mune
3223,28803255,Mona Johansson
3229,19443723,Ø¢Ø±Ø³Ø§Ù… Ø§Ø¨Ø±Ø§Ù‡ÛŒÙ…ÛŒ ØŒ Ù…ÛŒÚ©Ø§Ø¦ÛŒÙ„ Ø­Ú©ÛŒÙ…ÛŒ
3231,13983939,Ù¾Ø§Ø¯Ú©Ø³Øª Ú¯Ø§Ù„ÛŒÙ†Ú¯ÙˆØ±
3233,28491070,Nima Joo
3237,22612386,Seyed Sami Sajadi
3238,25663232,Nimad Podcast
3250,22936289,Yugen
3259,17692497,Sourceiran
3260,14987003,Mahziar Fendereski
3262,24331526,Podium Media
3263,27739394,Loco Motive
3276,16508278,Amir Namavi
3277,27400551,Ali Arkani (I Love Gaming)
3280,17792511,Shahrokh Shafiei
3283,22506380,Ù…Ø§ØªÛŒÚ©Ø§Ù†
3297,23538838,Ali Ebrahim
3300,26128470,Mohammad BiBak
3301,24561846,Pharos ÙØ§Ø±ÙˆØ³
3303,25393396,Ù…Ø³ÛŒØ± Ø³Ù„Ø§Ù…Øª Ø±Ø§Ø¯ÛŒÙˆ Ø§ØµÙÙ‡Ø§Ù†
3305,22411022,Abbas
3309,18680389,Derak Radio
3313,23762957,karoonmedia
3323,18235945,Maral Doosti
3329,17649431,Mohammad Reza Mashoufi
3336,20866048,podcast talangor
3343,20979438,shahriar 12
3344,16250367,Radio Wiki
3345,26192542,BAHRAM naghipour
3347,35644133,Behrouz
3349,18003078,Radio Game
3355,27478853,Ø¨Ø§Ø²Ú¯Ø´Øª Ø¨Ù‡ Ø¢ÛŒÙ†Ø¯Ù‡
3358,11628224,Erfan Moradian
3359,20099912,pejman sarkheyl
3364,21057912,nini cast
3373,23949765,Delara Amini
3377,19623253,mostatil podcast
3380,20229218,Kook Podcast
3396,8318554,Farhad Yazdan-Panah
3398,16623147,AbazarSherkat
3410,20160560,Mohammad Farahzadi
3413,21288916,info@sargarme.com
3425,16682531,cafecaset
3432,19835441,Farshad Nickfetrat
3435,20419751,RADIO FEE
3437,28951200,Ali Kiyani
3438,19348766,ben koch
3439,19980815,Pegah basharpour
3440,24581717,Clinic Adabi
3441,19710758,Amirhossein Askari Farsangi
3443,16487697,SaatX Magazine
3446,22536670,info@siahbox.com
3456,21848787,Saxand Fakurpur
3458,21007128,Ù…ÙˆØ¨Ø§ÛŒÙ„ Ø³ÛŒÙ†Ø§ ØªØ¨Ø±ÛŒØ²
3464,7283986,Democracy at Work Persian
3466,21438099,Radio Afra | Ø±Ø§Ø¯ÛŒÙˆ Ø§ÙØ±Ø§
3469,29107645,Nasrin Edalatian
3472,8808779,Hamidreza FarYaghoobi
3473,25855069,Radio Brand
3474,23094540,Soheil Soheilizadeh
3477,19138937,Milad
3478,18660844,tebyan social
3483,19958361,Meysam Salehi
3486,18206694,operastory
3490,15092940,haniye rouzbehani
3495,15371257,Emad Ghavidel  |  Ø¹Ù…Ø§Ø¯ Ù‚ÙˆÛŒØ¯Ù„
3497,22834767,hato hato
3502,26185221,hasteh sakht
3504,14307501,Ali Vishki
3506,19693293,Ø¢Ø±Ù…Ø§Ù† Ø§Ø®Ù„Ø§Øµ Ù¾ÙˆØ±
3508,24083315,RADIO XARGOOSH
3510,25246984,HichCastan
3512,20712830,OMEGA
3513,20165032,Ù…ÙˆØ³Ø§
3514,22130535,Saba K
3515,13855237,Vahid Zamani
3521,15708394,Kimia Ansari
3523,13632266,Pedrum Paravar
3525,29063605,Ø²Ù†Ø§Ù† Ø¢Ø±Ù…Ø§Ù†ÛŒ | zanan armani
3527,24827428,TarAbrisham Podcast
3529,24988670,Mohammadreza Simriz
3531,30420468,Tafsire gooya Noor
3532,17997490,Insoo
3534,14209906,Ali Delshad Tehrani
3536,23905686,Rashgoo INMOST
3538,28740372,Ù…Ø¬Ù„Ù‡ ÙØ±Ù‡Ù†Ú¯ÛŒ Ù‡Ù†Ø±ÛŒ Ø¬Ø¹Ø¨Ù‡
3539,28790511,Arvin Tavakolinia
3540,27980265,Faranak Amirebrahimi
3543,22685276,Ø§Ù†Ø¯ÛŒØ´Ù‡ Ù…Ù‡Ø±
3544,20420564,Milad ghiassi
3547,17638124,begoshcast
3550,21642365,Masoud Heidari
3552,11513357,Behnam Derakhshan / Ø¨Ù‡Ù†Ø§Ù… Ø¯Ø±Ø®Ø´Ø§Ù†
3553,20729231,Narges
3554,20659485,Ù…Ø¬ÛŒØ¯ ØªÙˆÚ©Ù„ÛŒ
3556,23318510,research committee
3558,19892677,sarmayedigital
3559,25437407,Ú©ØªØ§Ø¨ Ø´Ù†Ø¨Ù‡
3560,18946286,niloofar sharifian
3565,15349741,Bourse News
3566,10720491,mohsen rastad
3567,15941108,cutback podcast
3568,20812561,Iman Vahid
3571,17719387,Raven _Blocker2
3572,25598730,Koodakestan Team
3573,27425075,Hossein Sepehri
3574,23394256,Sina Zamani
3575,25829866,Ù…Ø­Ù…Ø¯ Ù…Ø±Ø§Ø¯ÛŒ
3577,25226554,Ehsan Abedi
3578,25620487,Radio Rokood
3579,24746492,Vahid Dehghani
3580,11087969,Sina Shafiezadeh
3583,21354287,"Ú©ØªØ§Ø¨ ØµÙˆØªÛŒ ""Ø¨Ø±ØªØ±ÛŒÙ† Ø¢Ø«Ø§Ø±"""
3584,27782571,Nasima Kashfi
3586,23371915,Royan radio
3606,19929569,Zahra Soroush
3608,16368459,Dorin
3610,18393286,Salar Masaeli
3613,18299070,Nima Nikkhah
3617,23558623,Avisttat en
3621,11435498,Jazz Nights Tehran
3631,18193548,Mr. Hyde Podcast
3632,18307188,Radio Random
3634,23265762,Ø¹Ù„ÙŠ Ø·Ù„ÙˆØ¹
3636,20761478,Shahram Esmaeili | Ø´Ù‡Ø±Ø§Ù… Ø§Ø³Ù…Ø§Ø¹ÛŒÙ„ÛŒ
3640,17892758,Mostafa Rabie Beheshti
3641,22150015,Sara Nazari
3653,19724772,Playlist Dogah
3654,16749238,Pod Pastoral
3657,15896052,Mohamadreza Mostafavi
3658,16213676,Navid Gholami
3661,18537971,rozegari cinema
3667,22000099,saeide barooni
3677,22996914,Light Cast
3693,23867061,mahdi farsi
3695,15620326,prometheus
3702,17845491,Sina Ghaffari
3714,21394763,Fatima
3731,27780750,Azade Ar
3733,25685166,Ø¨Ù†ÛŒ Ù…ÛŒÚ¯Ù‡..
3737,16729587,Mina
3739,32886118,Roghenevis
3752,30462725,Lingopod
3757,25714992,Ø§Ù…ÛŒØ± Ø³Ù„Ø·Ø§Ù† Ù¾ÙˆØ± Ùˆ Ù…Ø­Ù…Ø¯ Ø§Ù…ÛŒÙ† Ø³Ù„ÛŒÙ…Ø§Ù†ÛŒ
3758,27331669,Ù¾Ø§Ø¯Ú©Ø³Øª Ø²ÛŒØ±ÙˆØ±Ùˆ
3759,23485380,Mehran Kei
3769,29177208,KAPZ Cast
3770,22314360,Shahinkhalilifar
3794,17409031,Afra Podcast
3802,29481616,Dara Kamyar
3807,15165014,Alireza Kianni
3823,18267930,Radio Khatereh
3835,18175172,Miniyoo Talk
3836,20674153,motif podcast
3838,24632028,Mohsen Arjmandi
3839,23324232,Kianoush Nesvaderani
3841,13958297,miandisham
3842,23228120,chernobyl podcast
3845,16875878,aydin daryan
3847,16681788,Farzad Rabiei
3856,23145467,ÙˆÛŒÚ©ÛŒ Ù¾Ø² â€â€â€â€â€â€| Wikipaz
3858,29169882,Mosafer BoodoNabood
3859,21540718,Babak Memar
3864,24129938,Hamid yazdani âœ“
3868,22950381,Ø¨ÛŒØ³Øª ØªØ§ Ø³ÛŒ
3878,9795758,yottanami
3888,21684143,samin shafaie
3889,22105316,mohamad gholamalian
3890,20707470,faezeh dashti
3894,33847905,Ø¹Ù„ÛŒØ±Ø¶Ø§ ØµØ­ØªÛŒ
3895,20116824,benyamin abasi
3896,22404502,Triboon
3898,22543212,Ø§Ù„ÙˆÙ‡
3901,20633865,sheikh
3903,9935741,Arsham Navid
3906,23544811,code99 - Ù¾Ø§Ø¯Ú©Ø³Øª Ú©Ø¯99
3910,9335585,Looketo Company
3911,23322369,kooshiar azimian
3912,23702783,Black Fire Podcast
3914,23617868,Ø±Ø§Ø¯ÛŒÙˆ Ø³Ø§Ù…Ø±Ø§ÛŒØ²
3918,29396354,Ù…Ø´Ø§ÙˆØ±Ø§Ù† Ù…Ø¯ÛŒØ±ÛŒØª Ùˆ Ø§Ø±ØªØ¨Ø§Ø·Ø§Øª Ø³Ù¾Ù‡Ø±
3919,22065933,mostatilha/
3922,23717180,Zahra sabeti
3924,14090032,Hamed Vaezi
3929,30938632,Pooya
3932,20396381,ID20396381
3935,21966724,Sevda
3937,16954500,artebox office
3958,19204141,Mostafa Mir
3966,15830436,Amin Farhang
3998,11608254,farzad rostami
4007,22388133,Radio Ghalamdoon
4013,18258608,sajramez
4019,26620775,Alireza Ahmadi
4056,23186022,Dreamlibrary
4057,27853858,Mastermind
4068,24545848,Mahsa Razeghi
4074,24275200,Ø±Ø§Ø¯ÛŒÙˆ Ø¨Ø§Ù…Ø¨Ùˆ
4076,24448963,dastyar hotel
4087,19641712,Hadi Taj
4106,4239174,Negar Sakhipoor
4112,16374383,FarshidğŸ©º
4116,24462840,Cinephone Podcast
4119,15122121,Bazigoush Podcast
4134,17917043,Bud Podcast | Ù¾Ø§Ø¯Ú©Ø³Øª Ø¨ÙˆØ¯
4139,20429442,Ali momen doost
4143,25849088,Birahe.Pod
4147,20943129,mehdi golmohammadi
4149,19296963,Ghazanfar Didindipour
4151,23983770,Ù‡Ù…Ø³ÙØ±
4152,11910313,Narges Fathali
4156,16520835,Radio Ravayat
4160,18104812,radio iran20
4161,15849129,amir nayeri
4162,18369725,Ashkan Monfared
4164,8291363,sina hosseini
4169,17505726,Begoush Nips
4170,10466823,Mehti kahrizi
4171,21980223,Mojtaba Afraz
4172,16072867,Moalem Podcast
4189,19997612,ÙØ±Ø§ÛŒ Ù‚ØµÙ‡â€ŒÙ‡Ø§ Ù¾Ø§Ø¯Ú©Ø³Øª
4198,18070907,Sinch
4199,22656591,Akhbarefori
4203,24208406,karoo.mix
4208,14579770,techno gen
4213,28793644,Armin Ayat
4232,29890690,ID29890690
4235,24322107,hamid-nouris-trial
4236,23784720,Voice Of Biotech
4237,18714348,Ali Nikzad
4239,28551745,Reza Zadah
4245,25797357,Bahar pourhemat
4250,12931790,Ardalan
4251,24429800,dastava innovation studio
4254,24207596,Medicase Pod
4257,19010211,Mohamad Yaraghi
4258,20654258,Radio Khaan | Ø±Ø§Ø¯ÛŒÙˆ Ø®ÙˆØ§Ù†
4260,13052142,Farzad Bayan
4271,16613251,Chamedan Podcast
4272,15371016,AliRaisi9
4274,18560587,Taarcast
4279,28350929,Shirin Naseri
4282,15025634,poorya firooznejad
4284,20763443,Amir Abtin
4287,18248956,zimed ir
4288,22906308,kTh Talk
4293,20632824,Fil Podcast
4294,18706543,ExtremeCast
4295,22748385,Mahdi Tapdoghi
4300,24397948,Meysam Makareminia
4302,18607863,reza mayah
4306,28888838,Iran Dar gozar zaman
4307,8208814,Farshid Sadatsharifi
4310,1056785,Ù¾Ø§Ø¯Ú©Ø³Øª The Founders
4311,16308804,dr.majidi
4313,19780681,Isnahan
4318,21671337,Nima Jangouk
4322,20944367,Arfa maddi
4324,15623233,tamrino
4326,23263850,Amin Sameti
4327,19668760,Radium radio
4331,20926233,Ù¾Ø§Ø¯Ú©Ø³Øª Ù…Ø¯Ø±Ø³Ù‡ Ø³ÙˆØ§Ø¯ Ø±Ø³Ø§Ù†Ù‡ Ø±Ø³Ø§
4334,17077031,Ketabak Org
4337,30771129,ehsan mehdinezhad
4338,22083822,M.M
4339,18557633,Alireza Sobhani
4341,27559044,Mahsa Amini
4348,18489421,Iman Najimi
4350,22799342,Digikala Technology
4352,21937750,Yasin Lak
4353,25249998,Iman Sheikhansari
4354,17891429,Cognos Team| Ú¯Ø±ÙˆÙ‡ Ú©Ø§Ú¯Ù†ÙˆØ²
4355,20264992,Alireza Badiee
4356,11312243,Sajad Soleimani Ø³Ø¬Ø§Ø¯ Ø³Ù„ÛŒÙ…Ø§Ù†ÛŒ
4357,24693830,Kurdish CAST
4359,25314421,Ø¹Ù„ÛŒ ØµØ¨ÙˆØ­ÛŒ Ø·Ø³ÙˆØ¬ÛŒ
4362,24284229,Scenario Cast
4368,18490042,sahel mortazavi
4369,10228098,Ù¾Ø§Ø¯Ú©Ø³Øª Ø¨Ø§Ø´Ú¯Ø§Ù‡ Ù…ØºØ²Ù‡Ø§
4370,19794529,january third podcast
4373,13449826,kiumars soleimanian
4375,16221425,Tohid Shojaei
4376,26093145,Masoud Movahedi Yoga
4381,23964438,ladyboss /Ø®Ø§Ù†Ù… Ø±ÛŒÛŒØ³
4383,21491589,Anticomms
4384,22723787,Ø±Ø§Ø¯ÛŒÙˆ ÛŒØ§ÙˆÙ‡
4385,25032214,Ali Pishvaei | Ø§Ø±Ø² Ø¨Ø¯ÙˆÙ† Ù…Ø±Ø²
4386,26483974,Bygani Podcast
4387,23982422,PayCast
4388,21473722,Ù¾Ø§Ø¯Ú©Ø³Øª ØªØ±Ù†
4390,24851328,feghtesad
4392,16275629,IFcast|Ø§ÛŒÙ Ú©Ø³Øª
4397,16676581,Farnoosh Delirie
4398,8303044,Ù…Ø­ÙÙ„ Ø§Ù†Ø³ Ø­Ø§ÙØ¸ | mahfeleonsehafez
4400,23502898,Hameh Gallery
4402,27928865,Vahid Mirzaei
4404,21088106,Morteza Derakhshan
4413,18456599,Mohamad Reza Esmaiel Tehrani
4414,12874929,Mohammad Baradaran
4430,22509241,VAAK Records
4445,14705458,Rezajaldi
4449,19706900,Samin
4451,10768939,Nima Rafiei
4456,29011473,Radio Kachi Podcast
4460,25317813,Haftmun publication
4461,18455552,Iliya Keyvan
4462,21077678,salar sanjari
4463,14213312,Mohsen Khodabakhshi
4467,14614498,Rightland Art Group
4468,9419237,Hooman Shahvari
4469,20152466,Javad Azadipour
4471,11126149,Ali Asgari
4474,20473128,Ù¾Ø§Ø¯Ú©Ø³Øª Ø¯Ùˆ Ù…ÛŒÙ…
4479,14838880,Faridmojaddam
4482,23933861,khat shekan
4484,33019183,Mehdi
4486,22894649,shivana podcast
4495,16591882,mani narimani
4499,22945693,shinmimcast
4500,17125439,Sattar Shams
4507,23857462,consefr
4508,16093480,Setiq
4510,10327896,Dotamim
4513,25259647,Karmagic
4522,28605917,hadis moshki
4529,17385479,Amin Sedghi
4534,19770661,Ehssan Heydarpour
4542,11805800,Seyyed Mohammad Hejazi
4545,24598943,Nina sedaghati
4546,11645435,Erfan
4550,26270783,Active Observer
4558,19377698,Hussein
4570,23185543,teamcamp
4575,25440576,masud nasirii
4580,17728363,Taximoon
4581,8031764,Mahmoud Azimaee
4589,20495886,Ù…Ø¬ÙŠØ¯ ÙÙŠØ¶ÙŠØ§Ù†
4597,16102690,ghanemzadeh
4598,19113490,Farid Forooghi
4600,17618528,Ú©Ø§Ù†ÙˆÙ† Ø¨Ø§Ø³ØªØ§Ù†â€ŒØ´Ù†Ø§Ø³ÛŒ
4601,21900686,Ravanegan podcast
4602,16781542,Sahar Soflaee
4609,10624265,Nahid Mazidi
4611,17706529,Hamzeh Baharlouei
4621,17787399,Rok o Rast Podcast
4623,11348668,Maryam Sadat Ahmadi
4627,8538706,Fareed JacoB
4628,20820416,Ø¨Ø±ÙˆØ¯ÙƒØ§Ø³Øª ÙÙˆÙ†ÙŠÙ…Ù€
4633,19691558,Reyhaneh Dashtianeh
4634,24134366,karim soroodi
4666,24355421,Reza Rakhshy
4679,24754502,Mahdi Giveie
4687,16523328,khar shodegan
4701,19935577,Ú†ÛŒÚ†ÛŒÙ†ÛŒ
4703,26416708,irpd online
4708,18268226,Maedehavaee
4711,19172374,Sanaz Najd
4712,9072857,Khodayar Doustar
4714,22907056,NedayeJanan | Ù†Ø¯Ø§ÛŒ Ø¬Ø§Ù†Ø§Ù†
4715,21326543,Ù…Ø±Ú©Ø² Ø¯Ù†ÛŒØ§ÛŒ Ø¬Ø§Ø¯ÙˆÚ¯Ø±ÛŒ
4722,23225304,Amin Alizadeh
4727,29584689,Giyahkhari Magazine
4731,23869584,Ú©Ø§ÙÙ‡ ØªØ±ÛŒÙ†
4733,11144382,alireza ebrahimian
4740,26098015,Ù…Ú©Ø³ Max
4743,24308223,governance in action
4744,25515747,Hana Khajehali
4745,14785982,ali masoodi
4746,24438995,apexboox
4747,24134726,Amir Hossein Mortazavi
4750,18903608,Saeed Behbahani
4758,21384084,Mohammad Abani
4759,24526769,Ø±ÙˆØ§ÛŒØª Ø¨Ù‡Ù…Ù†
4760,22083941,Khabar_Fouri Ø®Ø¨Ø±ÙÙˆØ±ÛŒ
4761,26179373,Ù¾Ø§Ø¯Ú©Ø³Øª Ø±Ø§Ø¯ÛŒÙˆ Ø±Ø³ØªØ§Ø®ÛŒØ²
4763,25663957,Jabe Podcast
4765,22149357,Ø®Ø§Ù†Ù‡ Ø§Ø®Ù„Ø§Ù‚ Ù¾Ú˜ÙˆÙ‡Ø§Ù† Ø¬ÙˆØ§Ù†
4767,23360163,Qeire Addi
4768,16377395,Sadegh ZMNi
4771,24516938,Ø­Ø³ÛŒÙ† Ù…ÙˆÙ„ÙˆÛŒ
4772,25785424,Mohammadreza Fathi
4773,28666097,Parsa Pace
4777,22875751,Ù¾Ø§Ø¯Ú©Ø³Øª ÙØ§Ø±Ø³ÛŒ| ØªØ§Ø±ÛŒØ® Ù†Ú¯Ø§Ø±ÛŒ Ø´Ú©Ø³Øª Ø®ÙˆØ±Ø¯Ú¯Ø§Ù†
4781,27047202,saberoo
4783,25356823,Mehran Seyed Emami
4784,26083596,Mohammad Kaviani
4791,28740405,Ú©ØªØ§Ø¨ Ø²Ù†Ø¯Ú¯ÛŒ Ø¯Ø± Ù¾ÛŒØ´ Ø±Ùˆ
4793,28736151,Moqtadir Sabiri
4795,24391544,Sarvin Rezvani
4796,11121619,Bahador Beigomi
4797,10132251,amir hasanzade
4799,28679026,Farid Jalali
4803,15336843,Mohammadreza Rezaniya
4811,16575835,sadeq aeineh
4815,28854791,Elyas.firststep
4827,12458743,Sina Keshavarz
4830,28452333,Brian Bakhtiari
4840,28438331,Bahram Mashhadi
4843,22214417,mohammad amin noshadi
4845,25409982,turkish ahmadi
4847,17910486,Radio Bam
4854,25418763,avan group
4861,23634580,radio pupitre
4872,21786253,gargor podcast
4873,22608680,Omid Kamangar
4874,21738531,Elahe Sadr
4876,22014144,Toop Podcast | Ù¾Ø§Ø¯Ú©Ø³Øª ÙØ§Ø±Ø³ÛŒ ÙˆØ±Ø²Ø´ÛŒ ØªÙˆÙ¾
4893,22696129,meysam sun
4896,11791230,Ø±Ø§Ø¯ÛŒÙˆ Ø¸Ø±ÛŒØ±
4912,13785543,Aamizeh
4917,24327237,Sareh Bayati
4923,16314940,Mohammad Ali Dibaei
4926,15838498,Fouad Samiei
4927,21122039,Radio Jiring
4928,23507508,Aysa Kavandi
4944,23753978,Ù…Ø³Ø¹ÙˆØ¯ Ø·Ø§Ù‡Ø±ÛŒ Ù†Ø³Ø¨
4950,23009243,Omidopari Studio
4958,21748978,Maliheh Mousavi
4962,20627387,mohsen pourshamsa
4967,24351629,mohsen hassanpoor
4971,24111397,khoda
4979,24147991,Mehrnaz Norooz
4992,19890194,Hossein Mahdavikia
4995,18957951,revayat radiomad
4997,12549810,Pedram Farhadi
4998,22397699,Alireza Yavary
5008,17363840,Radio Nadastan
5010,28504057,AmirAli Piroozbakhsh
5011,24287921,Cheshme Cast
5012,27602584,Reyhane kaaf
5022,35930925,masu podcast
5024,15591771,Fateme Moodi
5027,18995159,cheshme3om
5030,22194467,momtazbikaran
5035,26429494,Amirhessam Mirsadeghi
5036,29180793,Mohammad Baniharouni
5045,19102938,Terasation Podcast
5047,20752563,mardemeidan story
5057,18978948,ramrant podcast
5061,24484244,Mohammad Farsi Teacher
5063,20044360,ima podcast
5082,17882294,Amir Arab
5083,15382943,Ø­Ù…ÛŒØ¯Ø±Ø¶Ø§Ú©ÛŒØ§Ù…Ù‚Ø¯Ù…
5090,15166357,roya
5098,21493755,Xav Coffee
5099,21656805,Pasargad Quality Pioneers (PQP)
5103,24209999,Wiki Gooya
5105,26863089,ghe3dan
5108,19915774,yasin hejazi
5109,20720151,Seeruss Daryamoj
5110,14719769,Hesam Mousavi
5121,25375674,Hatef Hatef
5125,12584927,ÙØ±Ù‡Ø§Ø¯ ÙˆØ­Ø¯ØªÛŒ
5127,12323791,Ramin Fotovat
5128,19100312,negin
5130,20308659,"Nastaran Adibrad Ph.D, Registered Psychotherapist"
5131,16266564,Mohammad Reza Shahrokhi nejad
5132,20151131,Ú©ÛŒØ¯Ú©Ø³Øª
5133,21133874,Little Koala Stories
5134,19084208,parsa masihi
5135,26321207,Melancholi
5136,18885218,Ù†Ø¬ÙˆØ§ÛŒ Ú©ØªØ§Ø¨ Ù…Ù†
5137,20146900,Radio Void Ø±Ø§Ø¯ÛŒÙˆ ÙˆÛŒØ¯
5138,25465363,Hamed
5139,24238184,hamraz
5140,24851666,Trading House
5141,21509370,Ú¯Ø§Ú¯Ø§Ù„Ù†Ø¯
5142,20932083,Eshragh Radio
5143,21615074,Yaser
5145,21514039,Ruhollah Abolhasani
5147,23324317,Peyvast Podcast
5148,20213459,Gooshvar Podcast | Ù¾Ø§Ø¯Ú©Ø³Øª Ú¯ÙˆØ´ÙˆØ§Ø±
5149,18091213,Drama Podcast
5152,26255744,Mokri podcasts
5153,26531530,Ø¨Ù†Ú¯Ø§Ù‡ Ú†Øª Ù¾Ø±Ø§Ú©Ù†ÛŒ
5155,17968340,Payam Hamzei
5159,26209085,Dadpouyan Ù¾Ø§Ø¯Ú©Ø³Øª Ø¯Ø§Ø¯Ù¾ÙˆÛŒØ§Ù†
5164,21811618,Ali Ashna
5166,25028098,Ù„Ø·ÙØ§ Ø¨Ø§ ÙÛŒÙ„ØªØ±Ø´Ú©Ù† Ø¯Ø§Ù†Ù„ÙˆØ¯ Ú©Ù†ÛŒØ¯
5168,19671875,Ali Jahanifar
5169,24069307,Amoozinvest
5170,23670025,joorchin humanact
5172,8061365,Mohamahdimp
5173,23896243,neda rostampour
5176,25904654,IEEE WIE IRAN
5178,25983999,Dorateam
5179,24556917,Zamin Podcast
5180,23791831,Ainaz
5181,20375730,Roshandesign
5187,26341403,Amirhossein Farzaneh
5190,33150076,Nazanin Daneshvar
5194,24882614,Sahar Nik
5196,23126801,Hassan Mousavi
5198,24776278,Hercules Podcast
5199,26347993,Dr. Shima Beigi
5201,24459404,Ali Mahdavi
5203,25712087,Saeide Sahirani
5204,27263374,True Crime Farsi
5206,23683957,Ali Mashhadi
5209,17172431,Omid Mokhberi
5210,27273992,Dr Rafiei
5219,19366980,Ø´ÛŒÙ†â€ŒÚ©Ø§Ù
5220,20303602,Ù†Ø§Ù…ÛŒØ±Ø§
5222,19718295,Zohreh_Babaei
5225,17928298,PodClub by Soheil
5227,25538654,Abdullah Salahi
5230,15658515,Mona Heidar
5233,29422828,Ali Bagheri
5237,18776268,sibil podcast
5240,29072526,ID29072526
5243,21008977,Bean Media
5244,25401952,sara bordbar
5245,7763286,Hatefblog
5246,22021578,KingPodcast
5247,20804241,amirmohammad ramezani
5248,24216502,mojtaba hazrati
5251,21661102,Gholamreza Aminian
5252,27265324,Imagine Podcast
5254,22096144,Mehran
5255,23523635,D-Cast
5257,23932881,Excoino
5258,20237814,KetoBeFarsi
5259,25333502,Triage Podcast
5260,9896063,Mahdi Baharieh
5263,24386061,Ali Naghedinia
5266,23264118,bitcoind.me
5267,21179843,GTopia Ù¾Ø§Ø¯Ú©Ø³Øª Ø¬ÛŒØªÙˆÙ¾ÛŒØ§
5271,14109967,AbadanRation Radio
5274,14882220,S. Rubic
5275,21936798,Ø­Ú©Ø§ÛŒØª Ù†Ù…Ø§
5277,28620544,Sara Mojtahedzadeh
5279,20202358,Bioland
5281,8494986,Podcast 9853
5282,22027234,majale.mad
5283,20736093,athena gorji
5285,23802458,Abbas Shirzad
5287,18034373,Parsclick
5289,35345048,Ali Farahpoor
5291,18525977,Tara Najafi
5294,20146291,Ú†Ø§ÛŒ Ú¯ÙˆØ´
5297,23371304,MAXOMINICAST
5298,16497752,Radio Hichkids
5302,22129414,Nazanin
5303,13078782,Farshid Rashid
5305,27658070,Parisa Saket
5307,27366535,Taze Modir
5309,23915643,lichar podcast
5312,24335023,Balva Podcast
5317,21712528,AABaqi
5322,25210611,Hazhar Maroufi
5329,21676905,Ø±Ø§Ø¯ÛŒÙˆ AL
5345,24935481,Tahereh Mohseni podcast
5363,15482057,Mozhde | Hamed
5372,19557007,Raoof Arayesh
5374,22902251,navid ghodsi
5381,6929630,Fateme Panahi
5382,18252419,Beshno Podcast
5383,20424667,Ø¨ÛŒØªâ€ŒÛŒÙˆÙ†
5388,24248644,Heevad Radio
5394,21257657,goftman ir
5395,29417732,Myelin Group
5398,22739762,â™¡
5399,22589254,mahroo vali
5405,15774553,kave hosseini
5412,18551980,HamCast
5413,25128666,Ø¨Ù‡ Ø´Ø¯Ù‘Øª ÙÙ„Ø³ÙÛŒ
5419,16820391,Ø­Ø³Ø§Ù… Ø§Ù„Ø¯ÛŒÙ† Ù…Ø·Ù‡Ø±ÛŒ
5424,18443951,Behrouz keshavarz
5425,18023202,mohammad mehregan
5428,23974524,XXII Studio
5436,14050840,ehsan parvin
5442,11698731,Nima Zarin Parsa
5443,18249092,labekhat PR
5447,20631119,Gorg0Mish
5449,19626003,milad jafari
5453,20748519,Iran 1400
5463,14171004,Amir Saman Memaripour
5467,12143485,Soroush Sadooghi
5468,16391947,Seyyed Amir Taqiabadi
5478,22530576,radioshabnava
5482,24214189,Alireza Zekavatmand
5484,18711603,highcast | Ù‡Ø§ÛŒ Ú©Ø³Øª
5486,5448032,ArmanMohseni
5492,15935571,My music off
5520,20844593,Marzieh Alemi
5537,23216499,Ehsan Yarahmad
5539,27752819,Edutainer
5544,22936011,Total Football
5547,22957067,m gh
5549,25044683,Reza Ameri
5552,18724943,Soheil Izadi
5560,24495312,Ashkan Bahrami
5564,20180525,Mansoure Yaghoobi
5570,18537705,Saman Atighy
5571,24104717,radio zaban
5573,21685982,Manutd. Ir
5576,24075890,milaad
5578,25941563,Ø¹Ù€Ù€Ù€Ù€Ø§Ø·Ù€Ù€ÙÙ‡
5580,29000570,Rasta PodCast
5581,23603898,DanaEnergy Podcast
5582,24245046,cafe ketab
5583,5639586,Ferry Ackerboy
5585,28275397,Toranj
5587,34521198,FaridHub
5592,25048541,TechPal Club
5607,17989888,BmeCast | Ù…Ù‡Ù†Ø¯Ø³ÛŒ Ù¾Ø²Ø´Ú©ÛŒ
5611,20634415,omidkorat
5613,22304278,Mani Rezaei
5620,21131957,Kavirsteel
5622,23309754,ADHDSuperPower
5624,11999011,Sophie G.
5633,16809537,Hojjat Ghasemi
5648,20183158,Parseh FarhangSara
5655,22546943,á¹¡È—Ô€á» Ä±á¹…Ä±á¹­ 0
5657,27927481,Negin mohsenzadeh
5672,18473455,Zey sam
5677,18878264,HERACAST
5680,10695202,Mohamad Amin
5685,21960954,deema agency
5691,15549380,Visa Sho
5697,26048213,Ravana Podcast
5698,17745078,Hamed Tabaar
5700,22921953,Ghazal Yazdani
5701,15976963,Navid Taheri
5704,25198349,Milad Taghizadeh
5710,18930934,ID18930934
5711,8127598,Amir Gamini
5712,15076825,Nima Barzegar
5714,9449716,mohamad.anatar
5715,24681762,american show
5719,13870452,Ù†ÛŒÙ…Ø§ Ø´Ù‡Ø³ÙˆØ§Ø±ÛŒ
5723,24679979,SabaVision
5724,24109785,sherlock talk |  Ù¾Ø§Ø¯Ú©Ø³Øª Ø´Ø±Ù„ÙˆÚ© ØªØ§Ú©
5729,14824686,Mohammad mahdi Asgari
5731,26061811,Payvar Foundation
5732,24599128,Alireza Rahmani
5734,17891111,Lajevard Podcast
5735,21519754,Elyar Mohammadzadeh
5737,16486120,soroush moghaddami
5738,25515766,Billy Ganji
5740,18311958,Fika Cast
5741,26956911,Podcast Dari
5742,23656172,Radio Afghanistan International
5744,20447088,Atrin Adalan
5748,20931480,Modir Sakht
5753,15836248,Ù…Ù‡Ø¯ÛŒ Ø´Ø§Ù…ÛŒ Ø²Ù†Ø¬Ø§Ù†ÛŒ
5758,18626836,Sandman Show
5760,27542201,Baspar/ Iranpolymer
5766,15575602,Iman Raoufat
5767,23967851,Mahta Mir
5768,21464239,Maziar Razi Ù…Ø§Ø²ÛŒØ§Ø± Ø±Ø§Ø²ÛŒ
5770,21750576,dastan moghadas
5772,19399631,Ù¾Ø§Ø¯Ú©Ø³Øª Ú©Ø§Ø±ÛŒØ²Ù…Ø§
5775,18157780,milad rahimi
5777,17514341,Human Abolghasemi
5779,12871993,radio mostashar
5784,9381469,CastoKar
5790,15802192,Ø§Ù…ÛŒØ± Ø¨Ø®ØªØ§ÛŒÛŒ | Amir Bakhtaei
5798,12536552,RADIO FILM
5800,15281880,Startupet Podcast
5803,22875040,Persian Sleep Stories
5807,14354550,Cadence Music Magazine
5812,25551987,amirhoseiin.mahmudi
5824,10431335,Radio Fereshteh
5825,26029011,Avamafarin 
5826,21740677,IPHSA Iran
5838,21027657,The Hossein Rostami
5858,29177184,Hadis Nabavi
5863,19661077,kondora
5870,11697934,KLAUS M
5871,17806238,Golrokh LFC
5872,22400656,SookhteJet
5874,28607897,Radio Rad
5878,18132759,Fatemeh Kiarostami
5880,27372356,Newbie Time
5881,23539845,Ù…Ø­Ù…Ø¯ ÛŒÙˆØ³Ù ØªØ¨Ø§Ø±
5882,26519272,armin mohammadpour
5883,28573572,Hamed Kani
5884,31788398,Cinema Overdose
5885,10826050,Ù¾Ø§Ø¯Ú©Ø³Øª Ú†Ø³Ø¨ Ø²Ø®Ù…
5886,29027593,Saeed Mirzazadeh
5888,14662581,mimbigdeli
5892,9523853,Arian Azimfard
5893,22764620,Ahmadreza Tadrisi
5894,8849555,Corridor
5897,22697243,ayeh
5899,22203040,ISQI
5903,22760896,Ali Mohammadi
5905,21636114,peyman seyyedi
5909,33538639,david kheiri
5910,20435414,Mr Erhino
5912,23347939,SamanCast
5913,20369690,ArioCast
5915,15495112,Ali Mokhtari
5916,21124965,Hooman Puyandeh
5918,25722643,Ø§Ù†Ø¯ÛŒØ´Ú©Ø¯Ù‡ Ù‡Ø§ØªÙ
5923,16530974,Javad-mohammadpour
5925,25903293,Mana
5926,23651794,Ø¢Ø±Ø´ Ù‚Ù†ÙˆØ§ØªÛŒ
5927,33141224,shabnam aria
5928,16851990,Maryam Rostamiani
5943,14550079,Mahshad Khaghani Ù…Ù‡Ø´Ø§Ø¯ Ø®Ø§Ù‚Ø§Ù†ÛŒ
5947,25136014,Radio Agahi
5950,7343217,Soheil Nasirian
5951,17949146,RadioMordaab
5955,17084959,Hamid Ghezloo
5966,15763359,TweetCast
5975,26148126,Bohir Com
5990,14890555,Ù¾Ø§Ø¯Ú©Ø³Øª Ø±Ø§Ø¯ÛŒÙˆ Ø¨Ø§ØªØ§Ø¨ Ú©Ø§Ø±Ø§
6000,16010339,Parham Ghaderi
6002,21978716,zhrrasadat
6006,17651799,moojan saghiri
6011,22552436,Bidar Podcast
6018,18071786,Spoleg sports law
6019,18957877,takapoo radiomad
6030,18631832,Ø§Ù„Ú©ØªØ±ÙˆÙ† Ø¢Ø²Ø§Ø¯
6048,20254850,This Magical Life
6053,21408349,Ø¢Ø±Ø´
6058,28084773,Zoha Sharifyazdi
6059,18262710,Parham
6060,10833786,Zoha Zokaei
6062,24933405,Mohammad Arefian
6068,19003401,Searching For Truth
6069,17725630,Mahdi Chahabi
6074,11041716,Saman Shariati
6076,30134716,Persis Podcast
6077,14053792,Ú©Ø§ÙÙ‡ Ø¨Ø±Ù†Ø§Ù…Ù‡ Ù†ÙˆÛŒØ³
6093,24054971,Ali Larijani
6094,22644309,Canadabal info
6095,22332664,Yechi Talk with Mahsa & Kimiya
6097,25932395,Tell Me Why Podcast
6098,15858795,parham942
6104,17351505,elham yazdiha
6107,18750434,satrosatoor
6108,17870820,Nima Naderifar
6117,25864921,Ø±Ø§Ø¯ÛŒÙˆ Ø¨Ø§Ù…Ø§Ù‡Ø§Ø³
6130,20551025,javadkhorami
6134,18440273,Kara
6135,19365409,Shahrzad Fotouhi
6141,10942347,radiokooch@outlook.com
6144,16391096,Raavi Podcast
6148,7506882,hosein Gh
6150,23491076,radio maan
6153,18188057,Pedram & Arian
6162,19270466,Rana Rahimpour
6164,19936173,Samaneh Jamshidi
6167,18238715,Radio 439
6174,21539178,Chemocast Team
6178,24444332,mehdi norouzi
6179,16488357,StartExO
6180,14656766,Payman Ahmadpour
6182,6892982,Ali Morad
6183,21838429,Rok Panda
6187,11128924,dastanapp
6189,22223534,Audumbla
6190,24017735,arya darabi
6191,14802120,jalal jazayeri
6193,22645200,Ø®ÙˆØ§Ø¨ Ú©Ø³Øª
6198,13776029,farzane Behzadi
6201,11424726,Goft Radio / Ú¯ÙØª Ø±Ø§Ø¯ÛŒÙˆ
6207,23239109,S. Mahdi Mir
6208,20846858,Javad Kasmaei
6210,15439124,Rahman Hosseini
6211,20090227,Arsehsevom
6214,11007494,Reza Jamali
6217,19914589,mosighi matn
6218,18145339,Ahmad feyzi
6220,26184931,Medipedia
6221,23459142,Zari SaadatRad
6222,20528072,Ali Vaez
6223,26635375,aryan sheykhzade
6224,23918232,Anahita Arab Ameri
6225,11523829,anahita a
6226,23862139,daniel mehrani
6227,32625439,SharghSounds
6233,21882316,Lad Lan
6234,21368638,J.B.X.33
6235,16372201,Mahdi Fanaei
6236,12438287,SepidarSystem
6240,25288415,puria padashnik
6241,24625164,Poetics UOK
6242,29660494,Parna Keramati
6244,27293731,Ø­Ø¬Øª Ø§Ù„Ø§Ø³Ù„Ø§Ù… Ù‚Ù†Ø¨Ø±ÛŒØ§Ù†
6245,27233782,Aran Gharibpour
6246,16544879,Ú©Ø§Ù†ÙˆÙ† ÙØ±Ù‡Ù†Ú¯ÛŒ Ø¢Ù…ÙˆØ²Ø´ (Ù‚Ù„Ù…â€ŒÚ†ÛŒ)
6248,20165959,Mehran Fahim
6258,22490747,Farhad Elyasi
6266,21208408,Mehran Goodaz
6271,21953727,Ø±Ø§Ø¯ÛŒÙˆ Ø¢Ù†/Ù…Ø§Ù‡
6277,14919465,hengameh podcast
6280,21227933,Ahmad Sedighpour
6286,18788194,ARCOPOLIS/Ù¾Ø§Ø¯Ú©Ø³Øª Ø¢Ø±Ú©ÙˆÙ¾ÙˆÙ„ÛŒØ³
6288,21301468,Amir
6293,10135746,pooya falakdin
6296,16542867,Reza Ghorbani
6297,20128395,Marjan Javadi
6298,18962974,vahid hasani
6301,21324910,ehsan la'l
6303,19171934,Ø¹Ù„ÙˆÙ… ØºÛŒØ±â€ŒØ§Ù†Ø³Ø§Ù†ÛŒ
6312,1520704,MohammadReza Sadeghzadeh
6314,21686018,call margin
6324,14979560,Mahmoud Moazami
6338,16531889,Amirmohammad Jelve
6354,22096254,Mohsen Takrar
6358,20071969,Mehdi Azizi
6359,27860069,Yaftabad Airport
6363,19868347,Ù¾Ø§Ø¯Ú©Ø³Øª ØªÚ©Ø§Ù†Ù‡
6384,7505916,Pulp Voices
6388,17117470,Tanbal Podcast Ù¾Ø§Ø¯Ú©Ø³Øª ØªÙ†Ø¨Ù„
6391,9736604,Rezaabedi
6396,14152815,Mehdi Nourian
6397,16202510,Mavara Dio
6399,15327910,Kazem Heidari
6405,18867374,Buzz Instacast
6420,18941025,Hamseda
6428,21315880,Nima Shafiezadeh
6432,16804759,Ù…Ú˜Ø¯Ù‡ ÙØªØ§Ø­ÛŒ
6433,18432160,ceo.sms.ir@gmail.com
6435,16190920,Kiana Shekofteh
6436,18474505,Radio Cult
6440,8738112,Radio Boghcheh
6447,18074039,Amir Khojir
6449,23049740,Behrooz shyestepoor
6450,28995604,Kamyab Hooshmand
6454,22226470,Ali Talei
6458,10822289,mehran Khodadadi
6473,11090430,Gap Podcast Ù¾Ø§Ø¯Ú©Ø³Øª Ú¯Ù¾
6474,19182290,Sohrabovsky
6475,15322876,Firdowsi Teaching
6476,19716673,Penart Podcast
6487,18986777,alireza saboukhi
6491,19208328,Ù‡Ù…Ú©Ø§Ø±Ø§Ù† Ø³ÛŒØ³ØªÙ…
6498,14795655,RadioFelbedahe
6499,16263627,Rodio
6500,25624785,uncadr podcast
6504,17929866,Hessam Farahani
6514,17855119,Mehdi Riahi
6518,23757829,Mostafa Rezaei
6536,15184763,S. Mahdi Mir
6538,17993686,Sohrab Mosaheb
6548,17879866,CHIZ studio
6552,15154558,Mohammad Mahdi Behfarrad
6564,18368709,Inter_Iran
6565,9353045,Ø§Ù¾ÛŒØªÙˆÙ…ÛŒ Ø¨ÙˆÚ©Ø³
6571,12294870,Poya Mesbah
6575,18514953,Navid
6578,10078611,Arya Vahedi
6586,18001917,Radio Zheen
6589,15294636,helvete
6593,18771317,JCplus Podcast
6600,19952709,Belal Taheri
6603,18391946,parsa pasha
6605,18625654,Vetrooms
6608,11794045,Marjan Shourabi
6612,23091761,M.Kahrobi
6632,14397937,Amin Bashiri
6633,17968011,Mehdi Habibiyan
6634,18633356,Ghese shahr
6635,15833942,Sajjad Sahabi
6636,19192995,AOP Talk
6651,16763059,Sohail
6652,6294383,Behnam Saber Nemati
6658,19236440,Roshanak yogi
6666,7965299,Hatari
6668,26343246,Peivast
6669,7846688,Ø§Ù…ÛŒØ±Ø­Ø³ÛŒÙ† Ø«Ù‚Ù‡ Ø§Ù„Ø§Ø³Ù„Ø§Ù…ÛŒ - Ù…ÙˆØ³Ø³ Ø±Ø´Ø¯ÛŒÙ†Ùˆ
6680,22471430,Yashar Rashedi
6683,10554552,Ù…ÙˆØ¬ Ø§Ú† Ù¾ÛŒ
6690,10826268,shabe moosighi
6702,7801025,Bijan Sabbagh
6705,13518155,Ù¾Ø§Ø¯Ú©Ø³Øª ÙÙˆØªØ¨Ø§Ù„ÛŒ Ù¾Ø§Ù†Ù†Ú©Ø§ | Panenka Football Podcast
6710,14560167,ehsan sayyad
6713,14809670,Shahrouz Chorakchi
6715,14806542,Ù…ÛŒØ«Ù… Ø´Ù…Ø³ _ Ø¢Ø±Ø²Ùˆ Ù‚ØµÙØ¨ÛŒ
6719,11231760,navid khoramkhorshid
6720,14248877,Babak Fakhriloo
6723,10266577,Mercede Ameri
6728,15951227,Coach Laya
6729,7644925,Mohammad Esmaeilpour
6732,16018584,amin mirabedi
6734,16118885,Kariz Podcast
6737,16246436,shol cast
6746,25865174,Lymphopod
6770,17309462,Rasool Majani
6785,15140843,hamid reza Taher
6788,17693673,EXIT | Ø§Ø³ØªØ§Ø±ØªØ§Ù¾ Ùˆ Ø¬Ø°Ø¨â€ŒØ³Ø±Ù…Ø§ÛŒÙ‡
6793,16718616,Reza Chav
6810,13419133,Ali Gohari
6811,18354961,radio tas
6826,18298945,Mohamad Ramshe
6830,27307909,amir naghdi
6833,18658844,ÙˆØ­ÛŒØ¯ ÙØ±Ø´ÛŒØ¯Ù¾ÙˆØ±
6835,18395970,Tin Tim
6840,9524351,mehdi valizadeh
6847,23580907,Safe Cast
6854,18460365,nojum aut
6857,20753965,nmana radio
6865,18507649,Vahhab Namini
6887,8334995,Amin Rashidbeigi
6888,15247444,Ali Bakhtiari
6889,18595678,Reza Khodavand
6890,17800605,mamaLLicaa
6892,18567987,Atour Ø¢ØªÙˆØ±
6903,9903745,amin yousefi
6904,18879076,Amin Gh
6906,15020387,Somaye Razban
6925,18660661,lamtakam magazine
6928,19077111,Ù…Ø±Ú©Ø² Ù…Ø´Ø§ÙˆØ±Ù‡ Ø­Ø§Ù„ÛŒ Ù†Ùˆ
6929,18561955,ITalkEnglish
6943,19057384,MirabArian
6973,20386373,salam podcast
6988,18901590,hesam kazemzade/Ø­Ø³Ø§Ù… Ú©Ø§Ø¸Ù…â€ŒØ²Ø§Ø¯Ù‡
6989,20291324,emad jv
6990,11421937,ali khodadadi
6991,19132497,pars Pendar nahad
6994,20893143,Setareh Moslemi
6996,16226503,Ø±Ø§ÙˆÛŒ
7008,21076306,Ù…Ø­Ù„Ù‡ Ù†Ø§Ø¨ÛŒÙ†Ø§ÛŒØ§Ù†
7011,21207782,D Kari
7012,20983904,Ghanoon Jazb
7018,25053803,contrastpodcast
7025,19202416,Iranfilm | Ø±ÙÛŒÙ‚ ÙÛŒÙ„Ù…Ø¨Ø§Ø² Ø´Ù…Ø§
7032,13401119,OjanGroup Ú¯Ø±ÙˆÙ‡ Ø§ÙˆÚ˜Ù†
7033,12691029,New Song
7036,10826812,radiomosbat
7039,13840216,ali asgari
7041,10439124,Hossein Jan
7042,11754933,Ø±Ø§Ø¯ÛŒÙˆ Ø¯Ø¯Ø±ÛŒ
7043,22595114,Jooyan Bagheri
7044,12641087,Hadieghbal
7045,10911807,owrsi
7046,11952696,Mahmood Ansari
7047,13293130,mazhik
7049,13997255,Good End
7050,18075864,Hamed Safaeipour
7051,18923018,reza khan
7052,12289404,YekPelleBalatar
7053,11120943,DUX Lab
7055,9737982,Mohammad Reza Danaei
7056,11217063,Spotlight Podcast
7057,11241512,Hosein Zangene
7058,18962684,aplablog
7061,11800631,Ali Babazade (UpMusic)
7062,18648623,RadioDejavu
7065,11199171,Mojtaba Mojtaba
7069,13509440,radiomozakhraf
7070,13055551,mo'ood
7071,18915488,Ù¾Ø§Ø¯Ú©Ø³Øª Ø¬Ø§Ù…Ø¹Ù‡ Ø§Ù†Ø¯ÛŒØ´Ú©Ø¯Ù‡â€ŒÙ‡Ø§
7072,12959665,sasan khadem
7074,14081249,yaghob hasanpur
7075,18973076,Ù¾Ø§Ø¯Ú©Ø³Øª Ø±ÙˆØ§ÛŒØª ÙØªØ­
7076,13340104,Javid Garshasbi
7077,11119538,dia media
7078,9449974,Hamid Abbasi
7080,11314368,Navid Arbabian
7081,10786610,Ali Khodayari
7087,7521306,melodive
7091,3291049,Nima Yousef nejad
7099,10478282,ØºÙ„Ø§Ù… Ø±Ø¶Ø§ Ù…Ø±Ø§Ø¯ÛŒ
7105,12561309,Mehrdad Seyfi
7106,11176433,Charkh Academy
7107,18977411,shargh daily
7108,12276603,Pardis Music
7109,10023759,Abedin Chaleshgar
7110,13934150,rasta
7111,9821534,Moein Alizadeh
7112,13374111,Quera-Mag
7115,11407702,mohammad javad rafipoor
7116,12784108,Nafis Music
7117,12927937,A.r.Sh 101
7118,13501707,Ø±Ø³Ø§Ù†Ù‡ Ù†ÙˆØ§Ù‡Ù†Ú¯ Ø¯Ø§Ù†Ù„ÙˆØ¯ Ø³Ù†ØªØ± Ø¢Ù‡Ù†Ú¯ Ø§ÛŒØ±Ø§Ù†ÛŒ
7119,11075359,Peyman Abkhezr
7121,11277044,Max Dabiri
7122,11911368,tahamtan boroumand
7123,11448432,Meitham Ghasemi
7124,13951624,shadi shin
7125,11634840,parsa pajouh
7127,19022188,Ahmad Nouri
7128,15040016,amir fakhri
7129,17935567,Ø¬ÛŒØ±Ø¬ÛŒØ±Ú© Ù‡Ø§ÛŒ Ù…Ù„Ù‘ÛŒ
7130,16870427,NLP Radio
7132,18091547,Alefsad
7133,17859785,Jalal Torabi | Ø¬Ù„Ø§Ù„ ØªØ±Ø§Ø¨ÛŒ
7134,18938495,GizBoi's Playground
7136,15866716,esmail hoseinzadeh
7137,17948100,"Ehsan Es,haghi"
7138,18624905,mahshid haghighat
7139,18649757,Fate Art
7140,18208551,Majid Heidari
7141,18050523,intern plus plus mag 
7142,18683402,Ø³Ù…ÛŒØ±Ø§ Ø´Ù‡Ø±ÛŒØ§Ù†
7148,18650434,ØªÚ©Ù†ÙˆÙ¾Ø§Ø¯Ú©Ø³Øª
7149,17815153,Nazanin Sekhavati
7152,16866666,Farid Hamed
7154,21524946,Amir
7155,18443954,Citynet
7158,13941866,Gap Bezan
7161,10287051,Radio Navahi
7162,6851644,fatemeh nemati
7163,15545932,Mohammad Nabipour
7164,18340269,Teatr Bazha
7165,15775787,Ø§Ø³ØªÙˆØ¯ÛŒÙˆ Ø²Ø±ÛŒÙ†
7170,18196333,radionojavan
7173,18906245,Sasan Soloti
7178,19071906,Mg Gaming
7182,17253224,Ø¯Ú©Ù„Ù…Ù‡ Ù‡Ø§
7186,9821087,mehdi hosseinzade
7187,18009819,mahsa yahosseini
7188,16214434,mohamad gholipour
7189,17453637,IranThinktanks
7190,16779242,yaleh Music
7191,18766330,Reza Moradi Design
7194,20797436,Arash babaiee
7197,18267227,GoldenCast Team
7198,18966647,Zehnoldole
7200,18998249,Mahdi Mohammadi
7204,14274635,nima.rnj
7206,16294042,Illumination
7208,10768693,Naghmeh Gh
7211,17422415,Rus Legalife
7212,17237237,Amir Gh
7213,18829646,bime mahan
7214,18156334,Shahin Tahmasebi
7215,9714597,Nastaran Momtaheni
7216,18341113,Javoone Podcast
7217,16614259,Shahram Shahbazi
7218,18069687,safa22 asadollah
7220,18327186,Toronto Valieasr Islamic Centere - Ù…Ø±Ú©Ø² Ø§Ø³Ù„Ø§Ù…ÛŒ ÙˆÙ„ÛŒØ¹ØµØ± ØªÙˆØ±Ù†ØªÙˆ
7222,18464922,shahrzad mirsoltani
7223,17699830,silkroad symphony
7224,18014477,Radio Sepid
7226,18317097,CarenCast
7230,18466047,radiopishe
7231,18027797,Ø±Ø§Ø¯ÛŒÙˆ ØªØ§Ú©Ø³ÛŒØ¯Ùˆ | Radio Taxido
7232,16124597,S.F
7235,15828670,masoomeh ghanian
7236,17462879,Mohammad Reza Shabani
7239,15312681,Rasoul Kheradmandi
7240,18565979,IRAN NGO
7241,18176518,Ø³Ø¹ÛŒØ¯ Ú©ÛŒØ§Ù†
7242,18748045,Iran Liberation Congress
7243,18270640,Dejavu
7244,18133893,hamednaraghi
7245,17952718,dirindirin
7246,17334480,RADio RAD
7247,17002222,mohammad moosavi | Ù…Ø­Ù…Ø¯ Ù…ÙˆØ³ÙˆÛŒ
7248,18531250,Radio Ast
7249,18291671,Ø±Ø§Ø¯ÛŒÙˆ Ø±ÙˆØ§
7251,15477306,ÙˆÙØ§ Ø¨Ø§Ù‚Ø±ÛŒ
7252,16924942,Elemntra
7255,10100672,SaeedRaad
7256,17361525,Reza Farshad
7257,18580304,Radionow | Ø±Ø§Ø¯ÛŒÙˆÙ†Ùˆ
7259,18733145,Arash Nikzad
7261,18591920,Ø¯Ø±Ù…Ø§Ù†Ú©Ø¯Ù‡ØŒ Ø³Ø±ÙˆÛŒØ³ Ù†ÙˆØ¨Øªâ€ŒØ¯Ù‡ÛŒ Ø¢Ù†Ù„Ø§ÛŒÙ†
7262,11914455,Bardia Pourbahrami
7263,18547101,! ARIU CO
7264,18039428,Hassan Bagherzadeh
7266,10047336,Far Gh
7268,18759973,Mariam Rahati
7271,17778678,Ø±Ø§Ø¯ÛŒÙˆ Ù‚Ø§Ø±Ù‚Ø§Ø±Ú©
7272,16830210,amirue9
7273,18630929,Mohammadreza Gerami
7278,18809453,Minoosh
7279,10532504,Radio Louzi
7280,17881987,Negah | Ù†Ú¯Ø§Ù‡
7286,17134538,poolnews
7287,18192636,Omid Fakhar
7289,17443718,AminOmidvar
7293,18638403,kado pino
7294,17997876,Sajjad Salehi
7296,15832893,peyman â€Œhaghighattalab
7297,17981529,Mohsen
7298,18181486,Faraz Heydarian
7301,16498162,Mass Good
7302,18343914,Hamico Group
7304,17897516,Ø±Ø§Ø¯ÙŠÙˆ Ø®Ø±Ø¯ / Radio Kherad
7307,17961482,Raha Learning House
7308,24897888,Football 360
7310,18618027,Radiopolo Podcast | Ù¾Ø§Ø¯Ú©Ø³Øª Ø±Ø§Ø¯ÛŒÙˆÙ¾Ù„Ùˆ
7311,17342597,Sajjad Shirazy
7312,18840274,nasrin eslami
7313,18773129,maneli parvaz
7316,18590970,Ø§ÛŒÙˆØ§Ù† ÙØ±Ù‡Ù†Ú¯
7317,18465311,Aquis Politics
7318,18572595,Sa.ab
7319,17505669,Hossein PourAshrafi
7320,18200714,Saeed Nasiri
7322,15075035,mohammad hossein Rohani
7323,17746428,Audio Book
7324,18663424,Mahyar Afshar
7325,18065958,roostatish
7327,15159667,Ø¢Ù‚Ø§ÛŒ Ù‚Ù„ÛŒ Ø²Ø§Ø¯Ù‡
7328,17583684,Ø²Ø¨Ø§Ù„Ù‡ Ù¾Ø§Ø¯Ú©Ø³Øª
7330,17357503,Aryadatis
7333,18702071,mehdi raeissi
7334,11725634,Mohammad Ali Haji Sardari
7335,16962439,Saeed Arjmandi
7337,18894020,radionostal_official
7338,18351962,Ali Borhan
7339,17751561,hifna1
7340,17781618,Ehsan Sam
7341,17947366,Rozita Moradi
7343,18433729,Abbas Mahmoodi
7345,16754497,Alef bookcity
7346,18168576,Treatoo ØªØ±ÛŒØªÙˆ
7347,13940132,To The Top
7348,16735464,notdoni
7349,19014914,Ú©ØªØ§Ø¨ Ø¨Ø§Ø² - ØµÙØ­Ù‡ Ø±Ø³Ù…ÛŒ
7351,18800371,peymanshirpoor
7352,14909482,Hanieh Bagheri
7353,16147577,Radio Arina(AMG) Ø±Ø§Ø¯ÛŒÙˆ Ø¢Ø±ÛŒÙ†Ø§ FM88.9HD4
7354,18620323,Ø¯Ú©ØªØ± Ø§Ø­Ù…Ø¯ Ù…Ø­Ù…Ø¯ÛŒ - Ø¢Ú©Ø§Ø¯Ù…ÛŒ Ø¨Ø§Ø²Ø§Ø±
7355,18454368,Amirali Mohajery
7358,18011723,Gamerenter
7359,18211883,TARNA.IR
7360,18594124,Radio Gass
7361,17987704,solarplus
7362,11701983,milad ghrati
7364,9918644,virgool radio
7366,17870244,Radio ravanrah
7369,18874659,makan shafiei
7371,17958423,ahmadreza.rivandi@gmail.com
7372,18705401,Archive Podcast
7373,17662600,Shahin Safari
7374,17229092,kharejehro.com
7376,18388486,ALI ILKA
7377,17310032,Ø±ÙˆØ²Ù†Ø§Ù…Ù‡ Ù¾ÛŒØ±ÙˆØ²ÛŒ
7378,8278756,Y A
7379,17603765,sayahnia mehdi
7380,18764337,Shohreh Aletaha
7381,17346382,Ehsan Rangani
7383,18022801,Persian Motion Graphics
7384,18829279,Indaba Podcast
7386,17515640,Behroz Abbasi
7388,17638728,Hamed Abedi
7389,11526467,Sedighmanesh
7391,18296404,Faraviz
7393,18628780,Rubisco channel
7394,13633512,Milad Soufi
7395,16476004,Mk Kv
7396,17994160,Ali Khalilifar
7397,17555313,Vahid Behravan
7401,17964669,sahife alzahra
7406,17791216,Ù…ÛŒÙ†Ø§ Ø­Ø³Ù†ÛŒ
7408,15962560,Amir Ganjkhani
7409,18776120,Behrooz Omidvar-Tehrani
7411,15302112,Shahnam Golshany
7412,18480016,Shahrzad Hemati
7413,18038721,BlueOcean
7414,17334545,DadPardaz
7415,17926555,Zerodegree
7416,10564962,Parisa
7417,18394413,farokh ostad
7418,18129487,Milad Academy
7419,18625117,Nasir Institute
7420,15395194,ali montazer
7422,16909770,Amin Inst
7423,18891389,99-1 podcast
7424,17280894,Insta Gram
7425,17248524,English pouramini
7427,18837424,radiolozhi  Ù¾Ø§Ø¯Ú©Ø³Øª Ù¾Ø§Ø±Ø³ÛŒ Ø±Ø§Ø¯ÛŒÙˆÙ€Ù„ÙˆÚ˜ÛŒ
7430,18250748,Alpha_Genz
7432,18306050,Graphistbas
7433,17913697,Vahid Valian
7434,18629608,shahr soukhteh
7435,18346502,Becks TV
7436,18861389,DARD DARMAN
7438,16971741,Ú©ØªØ§Ø¨Ø®ÙˆØ§Ù† ØµÙˆØªÛŒ
7439,16711879,Pouya Parhami
7441,18015220,radio zooza
7442,18611364,nikvest
7447,18658546,á´á´‡Êsá´€á´
7449,12227994,Jamal Hosseini
7452,10136748,Ali Firoozjang
7453,18400434,game.master.network
7454,18087319,Ú©ØªØ§Ù…Ø§ÙÙˆÙ†
7455,17111382,Digital Shahrvand
7456,16699744,mahdisgram
7457,17693505,Chromatic Cast
7458,17916408,Ali Aliakbary
7459,18811346,Neghab Group
7460,15242085,ÙØ§Ø±ÙˆÙ‚ Ù‚Ø§Ø¯Ø±ÛŒ
7461,18521350,Reza Mohammadi | Ø±Ø¶Ø§ Ù…Ø­Ù…Ø¯ÛŒ
7462,17788776,Sange Saboor
7463,18595856,psycho logy
7466,17399124,Alireza Vakili
7468,17946107,Mohammadreza Mohajer
7469,18390625,Sara Haddadi
7470,9600808,arashtqv
7474,18754847,Kamyar Arbabzi
7475,17879131,Ø±ÙˆØ²Ù†Ø§Ù…Ù‡ Ø´Ù‡Ø±ÙˆÙ†Ø¯
7476,18060737,JazirehKetab
7478,10776796,Thisisily
7479,9578185,Mehran Bizhanpour
7481,16744281,info@darmaan.ir
7482,18842473,AMiR
7487,18391164,radio frequency | Ø±Ø§Ø¯ÛŒÙˆ ÙØ±Ú©Ø§Ù†Ø³
7488,16253373,ali jafari
7490,18424126,M Farahani
7491,17843898,parsa BAGHERZADEH
7492,17690056,ghessehhh FF
7493,17847722,Mohammad Ebrahimi Aval
7495,18067524,Studio 10PM
7497,17941015,NARENJ FAMILY
7498,18272902,Ù…Ø±Ú©Ø² Ø¢Ù…ÙˆØ²Ø´ Ù†Ù…Ø§ÛŒÙ†Ø¯Ú¯Ø§Ù† Ø¨ÛŒÙ…Ù‡ Ø¹Ù…Ø±
7499,18657369,milad hasanzadeh
7501,17346603,neat.cupboard
7502,18691126,Farzaneh Institute
7503,16835918,BahaiOnline
7505,18537670,mihan signal
7506,18282347,Radio  Roshan
7507,18591260,Ali Noori
7508,10986533,Nima Mazroob
7509,11877449,Sadeq Nickbakht
7510,15780563,rana akhoondi
7511,18826647,Ø§Ù†ÛŒ Ø¨Ø§Ø¨Ø§
7512,18566567,Dr mahdi Khadematolrasoul
7513,15407193,Parvaneh Hosseinzadeh
7514,17931432,Iran Women Sports
7519,18696914,Ali mirsadeghi
7520,18320624,Psywaves
7521,16630185,Mahdi Farimani
7522,18193040,ali Abasi
7524,18370241,Niloofar Nedaei
7525,18342236,Arian Mobile
7527,18029846,Ziba Rasuli
7528,17587218,Behnam Najmodin
7531,17625773,Moshaver Matrook
7536,16887828,Mazandaran Innovation Network
7537,17335218,DorehamiGames
7539,17880318,Power En
7541,18609582,hayatetayebeh
7542,15895878,CheraghPrize Ù¾Ø§Ø¯Ú©Ø³Øª
7544,18556279,Ù…Ø­ØªÙˆØ§Ù†Ú¯Ø§Ø±Ø§Ù† Ø·Ù†ÛŒÙ† Ø¯Ø§Ù†Ø´
7545,18554629,mona vahidian
7546,16780827,ghasedak airfare
7547,12026279,Siamak M
7548,18477112,Roza Moghaddam
7549,18020125,Kalam Taze
7551,18895967,Nardebaneaseman
7552,16958667,TechWorldFa
7553,16723596,Hamidreza Edrisi
7557,18273445,Parto Magazine
7560,18206925,Radio Ketabus
7561,17832210,Narenj Group
7562,18221384,Mohsen Parvazi
7564,7573139,Mehdi Hasanzadeh
7565,18412561,Kousha Group
7567,18143469,Builder Mind
7571,18160240,Ú©ÙˆÙ‡ Ú¯Ø´Øª
7572,17356694,Websima Academy
7573,17833914,Radio99
7578,16719855,Koodaket
7580,18643242,admond art
7581,18577401,Ú©ØªØ§Ø¨Ø®Ø§Ù†Ù‡ Ú©ÙˆÚ†Ú© Ù…Ù‡Ø±Ø¨Ø§Ù†ÛŒ
7583,17520637,Saeed
7584,17969337,Ali Abdolmaleki
7586,17636914,Esfahan Education
7587,17153753,nariman boss
7589,17904188,Ali Jamshidi
7590,16578563,Amir Mirzamohamad
7591,17921559,"Me, Iâ€™m Not"
7592,17630511,farzaneh alemi
7595,10342051,Ali Abdalvand
7598,16944915,Smart Migration Group
7599,18811110,oscar oo
7600,18490540,Radio krapp
7601,17828309,Alireza Rouhi
7602,17465780,Orkids Org
7603,18262306,Morteza Fattah
7604,16944605,Mr Zahmatkesh
7605,16884863,Amir M. Sojudi
7606,17626887,Ali Arjmandi
7609,17423008,ÙÙˆØªØ¨Ø§Ù„ Ø¨Ù‡ Ø±ÙˆØ§ÛŒØª Ù…Ø§
7611,10007762,Ershad Nik Khah
7612,18132513,Mohammad Karaminejad
7613,17945079,BaNadia
7615,13543817,Ali Dashtani
7616,18631739,MahmoodHeidari
7617,15446349,Web24
7618,16766297,cinema tag
7621,13132177,Sajad Behjati
7623,18530535,Kiavash Teymourian
7624,17039018,Ahmad Hoshyar
7625,15421763,Radio Chakaad
7628,16924681,radio booklet
7629,15210771,UpCast
7630,15172287,Amin Alizadeh
7632,18841810,1UPCast
7633,18008736,ArchiCaster
7634,16659048,Ù‡Ù…Ø±Ø§Ù‡Ù Ù…Ø§Ø¯Ø± Ùˆ Ú©ÙˆØ¯Ú© - Ù‚ØµÙ‡ Ùˆ Ù„Ø§Ù„Ø§ÛŒÛŒ
7636,16210655,Tapligh
7640,17896767,Enzeva Radio
7642,17744046,Ù¾Ø§Ø¯Ú©Ø³Øª Ù¾Ø´Øªâ€ŒÚ©Ø§Ø±
7643,14746494,Ø¯Ú©ØªØ± Ø§Ø­Ù…Ø¯ Ø±Ø­Ù…Ø§Ù†ÛŒ
7644,18367715,yosquiz_com
7645,14745078,Sajad Mousavi
7646,18070966,DastgheibQoba
7647,18087573,Forsat Mc
7650,17865972,Asre Pardakht | Ø¹ØµØ± Ù¾Ø±Ø¯Ø§Ø®Øª
7651,15801617,sekke
7653,16021618,Ø§ÙˆÙ„ØªØ±Ø§Ù…Ø¯ÛŒØ§
7654,13012541,Ù†Ø§ØµØ± Ø¯ÙˆØ³ØªØ¹Ù„ÛŒ
7655,12044546,Golha Library
7656,14946259,H.R. Nikoofar
7657,17789495,RADIO ZAHREMAR
7658,18851865,VGMAG
7659,10960592,farideh hamzeh
7660,18380551,Channel MU | Ú†Ù†Ù„ Ù…Ùˆ
7663,17569420,Ù…Ø³Ø¹ÙˆØ¯ Ù†ØµØ±Ø§Ù„Ù„Ù‡ÛŒ
7664,15534040,Radio Diazpam
7665,18116859,Radio Graph
7666,16597321,HDpod
7668,18445328,Ù†Ø´Ø§Ø·
7669,18527016,radio lazhvard
7670,18490633,Farzanegan 5
7671,17705177,maohammadAli Fallahzade
7672,18504457,radio.med
7675,18902293,Gisoo Bakhtiari
7677,12999366,Go2tr co
7678,18800598,Ø¢Ú˜Ø§Ù†Ø³ Ù…Ø³Ø§ÙØ±ØªÛŒ ÙØ§Ø±Ø§ Ú¯Ø´Øª Ú©ÙˆØ±ÙˆØ´ Ú©Ø¨ÛŒØ±
7679,18334925,Modarres Jonoob
7681,15693654,gapcast
7682,18320102,elahe mousavi
7683,18567403,Pardis Game
7685,9582841,Hosein Haji Abedini
7686,18822539,Radio Shemroon
7687,18777318,Ø±Ø§Ø¯ÛŒÙˆ Ø³Ú©ÙˆØª
7688,18449731,noko narmgostar
7689,17916597,BaziCenter
7690,18132113,Ù‡Ø¯ÙÙˆÙ† Ù¾Ø§Ø¯Ú©Ø³Øª
7691,15260423,Sepehr Khamevar
7692,17905124,Radio Killoee | Ø±Ø§Ø¯ÛŒÙˆ Ú©ÛŒÙ„ÙˆÛŒÛŒ
7693,18602708,saber arkiya
7694,15063358,Radio Ravan
7695,16114628,podcast@marketing724.com
7696,16608514,Podcast Iranian
7697,17594063,Radio Mokhamer
7698,14476955,Picobino
7699,15050180,Ghadima Farazan
7700,16202418,roshd roshd
7701,18318304,Lifeirantv
7702,17527358,Alireza PoostinDooz
7703,17557543,pooya vadaie
7704,16944070,HesWork
7706,18558103,radio_roja
7707,18552061,Ø§Ù†Ø¬Ù…Ù† Ø¹Ù„Ù…ÛŒ Ø¯Ø§Ù†Ø´Ø¬ÙˆÛŒÛŒ Ø§Ù†Ø±Ú˜ÛŒ
7708,15875495,APA-IUTcert
7710,17306697,Amirqobad
7711,16699122,sina f
7712,18142041,Radio B.R  Ø±Ø§Ø¯ÛŒÙˆ Ø¨ÛŒâ€ŒØ¹Ø§Ø±
7715,16707462,ali ghasemi
7717,17047959,Pejman Barekati
7718,18620854,Khashayar Khosharay
7720,15871681,tehran picture
7721,13477446,xunisra
7722,17078577,mr homee
7723,15660700,BAHMAN DANESHIAN
7724,12651247,ali dadkhah
7725,18790509,Taqi Molavi
7726,16126380,Ù…ÙˆØ³Ø³Ù‡ Ù…Ù‡Ø§Ø¬Ø±ØªÛŒ ÙˆÛŒØ³ØªØ§
7729,12096392,Mohammad Javad Zamani
7731,14788562,Late Night w/ Kamyar and Kaveh
7733,18351294,radio seda Ø±Ø§Ø¯ÛŒÙˆ ØµØ¯Ø§
7736,18445085,Embrace English
7737,15494832,ParnianTV
7740,13839011,Ø¢Ù‡Ù†Ú¯ Ø¬Ø¯ÛŒØ¯ Ù…ÙˆØ²ÛŒÚ© Ø¬Ø¯ÛŒØ¯
7741,6953752,MohammadSalar
7742,10775154,saman zamanzadeh
7744,18290875,Mosabthetraveler
7746,17860915,Mehrmandan
7747,16636623,amir noori
7748,15583185,Ø·Ø§Ù‡Ø§ Ù…ÙˆØ³ÙˆÛŒ
7749,18198548,Milad Saedi
7750,18274691,peyman molavi
7752,15962757,radio darya
7753,15551524,khanesarmaye
7754,16497294,Decamond Studio
7755,16971098,Mohad Rezapour
7757,16371889,Saeed Riahi
7758,16294242,Alireza Hashem Azar
7761,12097756,Radio Therapy
7763,18131149,emruz_it
7764,15936876,B-Sharp podcast
7765,17809309,Radio Giah
7766,14157252,Naghmeh Fatemi
7768,18365730,nafiseh
7769,8121520,Amir pour
7770,12478240,Chel Cheragh
7773,12292241,Rose Music
7775,16021105,Ù¾Ø§ÛŒÚ¯Ø§Ù‡ Ø®Ø¨Ø±ÛŒ ØªØ­Ù„ÛŒÙ„ÛŒ ÙˆØ§Ú©Ø§ÙˆÛŒ
7776,17543448,shenidi
7778,15575508,Smart Migration Group
7779,18567320,farzad javan
7780,15326440,Tbilisi RadioOnline
7781,17491137,Yaser Rahimi
7784,17263582,AlefJimDal
7786,17874254,radio cigarette
7787,17800462,Arman Sadeghi
7788,14718139,Evolps
7789,15241539,Komeil Mazraee
7791,15764706,RadioZist | Ø±Ø§Ø¯ÛŒÙˆØ²ÛŒØ³Øª
7792,16137776,MeythCast
7793,14779151,ariamovie
7794,17151843,Spotlight Gamenews
7795,13675580,samar pod
7796,18025413,hossein sarfaraz
7797,18660478,cast mixed
7798,18547532,Generation Radio
7799,18487876,sina salemi
7800,12249279,amirparviz
7802,17263599,saeed ghorbanian
7803,18158658,Arash Kalateh
7805,14545769,Abed Rahdar
7806,17168751,farzad hosseini
7807,14905263,Saeed Egderi
7808,15703545,Masnavi Manavi
7810,16307399,Ø¢ÙˆØ§Ø³Ø§Ù… avasam
7811,17450865,Ø§Ù†Ù‚Ù„Ø§Ø¨ Ø¨Ù‡ Ø²Ø¨Ø§Ù† Ø³Ø§Ø¯Ù‡
7813,17625648,Radio Modirfa
7815,17910266,Aparatchi
7816,21419576,Ù†ÛŒØ§Ú©ÛŒ
7817,10102706,neshat ahmadi
7818,18379574,ÙØ±ÙˆØ´Ú¯Ø§Ù‡ Ø¯ÛŒ ØªÛŒ Ø´Ø§Ù¾
7819,14416445,Saman Pes
7820,16671179,Radio Siaahe | Ø±Ø§Ø¯ÛŒÙˆ Ø³ÛŒØ§Ù‡Ù‡
7821,11658692,Dirbazofficial
7822,14234386,Farzan Behnam
7823,17982374,Mowz Podcast
7824,25549977,Personal Media
7825,14694405,BourseTalk Podcast
7827,10614753,Yoosef
7828,18426686,mahmoud hadizadeh
7829,18054245,parto parto
7831,18058191,Asghar Vafaei
7834,18691348,Shiarpodcasts
7835,17855742,mr_chamedoon
7836,17704271,Elham Anbari
7838,18169998,Ù…Ø­Ù…Ø¯ Ø­Ø³ÛŒÙ† ÛŒÙˆØ³ÙÛŒ
7839,11090288,Dani Khorsandi
7840,17912326,Armin Faramarz
7841,8334591,Majid Ale Ebrahim
7844,18607887,Azad Azad
7846,15322715,Business Knowledge
7847,16532410,Anahita Alipour
7848,16877018,_DesignCast_
7853,18709252,Ali Iranpour
7854,18235500,Bonfire Talk Ù¾Ø§Ø¯Ú©Ø³Øª
7856,14804393,I am shirin
7858,18141705,KONKORIZM
7859,13544782,Hassan bashiri
7860,18529245,Misaq Etemad
7861,17072968,Bamboo Tech
7862,17699205,voiceofcosmos
7863,16111084,radio arash
7864,14234857,Azadeh
7867,17953043,Ali Esmaeili Moqadam
7868,7552616,Ehsan Taheri
7869,15762249,Funglish
7870,18501861,Ø¹Ù„ÛŒØ±Ø¶Ø§ Ø´Ø¹Ø¨Ø§Ù†Ù¾ÙˆØ±
7871,18690373,Radio Khavaran Ø±Ø§Ø¯ÛŒÙˆ Ø®Ø§ÙˆØ±Ø§Ù†
7873,15400090,"Mojtaba, Soltani"
7874,17790757,Ivan podcast | Ù¾Ø§Ø¯Ú©Ø³Øª Ø§ÛŒÙˆØ§Ù†
7875,18866239,reza bagheban
7876,14406825,Buzzz Podcast
7879,18202058,tazearoos.blogfa@gmail.com
7880,14897006,Artcast Ø¢Ø±Øªâ€ŒÚ©Ø³Øª
7881,8799160,mohammadali abdolalizadeh
7883,17333351,H Naseri
7885,15477953,Ehsan Htabar
7886,15481350,Arash
7887,18682777,Mohammad Mortazavi
7888,15842366,Amir Fuladi
7891,18280992,Parsa Zigheimat
7892,18812214,Alireza S.eivaznejhad
7893,18564701,seyed mohsen mirebrahimi
7894,9162904,radiohomayoun
7896,15342312,archi apply
7897,17917854,M.Amin Ghasemi
7898,17998770,Erfan B
7899,18161928,sadegh mahdilou
7900,15843462,Danial Esmaeilian | Ø¯Ø§Ù†ÛŒØ§Ù„ Ø§Ø³Ù…Ø§Ø¹ÛŒÙ„ÛŒØ§Ù†
7901,18518423,ghesebanØŒ Ù‚ØµÙ‡ Ø¨Ø§Ù†
7902,17662665,wikisemnan
7904,8705744,Kiana Masqati
7905,18611383,Phytale | ÙÛŒ ØªÛŒÙ„
7907,17339029,kavir
7908,18263015,Radio Pooyesh
7909,17026011,Mohieddin Jafari
7911,13493864,CinemaGap
7912,18233996,saroseda Ø³Ø±ÙˆØµØ¯Ø§
7913,16130022,Amirhesam Behrooz
7914,18304112,afshin termebaf
7916,17693442,amirreza javanmardy
7917,12189116,Roomiz Games
7918,14328424,mohammad omidifard
7919,11519916,ÛŒØ§Ø¯Ú¯ÛŒØ±ÛŒ Ø³Ø±ÛŒØ¹
7920,10329427,Banafsheh Ghasrfakhri
7921,11902720,RadioBarnameneviss
7922,18134865,majid yavari ramsheh
7924,18260159,outsiders podcast
7927,14078220,Farhad Azish
7928,18507955,khodemoonim|Ø®ÙˆØ¯Ù…ÙˆÙ†ÛŒÙ…
7930,18266961,Mehran Mansouri Far
7931,14683417,M k
7933,8234912,Maryam Pirmoradian
7936,18194148,Omid Haqsheno
7937,18415165,Dariush Rad
7938,16691920,Amir Shafiei
7939,10928557,Emobin
7941,16764449,Ø´Ø¹Ø±Ø®ÙˆØ§Ù†ÛŒ
7942,18848309,be source media
7944,18660479,Pouya Paknejad
7946,17966657,Goldan Darun
7951,18367036,radio westphalia
7952,13791857,Mehdi Arabzadeh
7955,16821719,Yoonus Tehrani
7961,17793968,Nahibmag / Ø±Ø§Ø¯ÛŒÙˆ Ù†Ù‡ÛŒØ¨
7964,18249277,shivakhonyagar
7965,15816510,Bezanoo official
7968,18245306,khodino
7971,17500183,Nima Ahmadi
7972,18891731,marketing fanoospfm
7976,18429443,Manaloguee
7977,18159054,mirhosseinohadi
7980,17764176,saeed
7981,16000187,forough zakeri
7988,9809372,Milad Es
7991,18235285,Niloofar Moradi
7993,11751084,Pedram Alvandi
7994,18276399,radio chavosh
7996,16592952,Mosinza
7998,17675454,Ø±ÙˆØ§Ù†Ø´Ù†Ø§Ø³ Ø²Ù‡Ø±Ø§ Ø±Ø¶Ø§ÛŒÛŒ (Ø¢Ø±Ø§Ù…Ø´ Ø­Ù‚ ØªÙˆØ³Øª)
7999,18547724,Ù…Ù‡Ø±Ù…ÙˆÙ†
8006,17909332,hadi saidi
8008,15798153,Ù†Ø³ÙˆØ§Ù†
8011,19537875,A4Cast
8012,14305610,Safir Sayee
8019,17192325,Vitrinnet
8026,18951904,Khiaboon Podcast
8032,10658997,AbadiatVaYekRooz
8036,19054383,ali jahanshahi
8041,14679205,Mina Hekmatirad
8043,19727692,Mitra Behrouzi
8046,21041933,rozhin meydani
8048,21194000,Khooneh Podcast
8050,17153810,Ramin Najjarbashi
8051,20909016,Shokouh Far
8055,24445992,Ù¾Ø§Ø¯Ú©Ø³Øª ØªØ§Ø±ÛŒÚ©
8061,17655976,Radium Myradio
8063,14135923,camelot podcast
8064,15618930,Ø®Ø§Ù†Ù‡ ÙØ±Ù‡Ù†Ú¯ ØµØ¯ÙˆÙ‚ÛŒ Sadoughi Culture House
8065,12466061,Omid Hariri
8066,16301906,kami ketab
8068,9030209,Erfan Aryan manesh
8069,13474815,sedayezamin
8071,11004645,Radio 19
8073,14795569,danial nasseri
8074,16477186,Harkoja shod
8075,10892397,hossien amini
8076,15624702,KhakestariShow
8077,15183894,Mizfa com
8081,14925220,Jeddi Podcasts | Ù¾Ø§Ø¯Ú©Ø³Øª Ø¬Ø¯ÛŒ
8082,14888161,Mehran Malkovic
8083,15241859,Ù…Ø±ÛŒÙ… Ø­Ù†Ø·ÙˆØ´ Ø²Ø§Ø¯Ù‡
8085,15109243,saba niknia
8086,11341092,mr coach
8090,9960586,Ali Abaee
8091,15529543,Mankind Died!
8092,16116831,Zabanamuzan Website
8093,14468003,hassan zerangian
8094,16314412,Danial MK
8096,14944939,Mehdi Fallahi
8097,13378332,CastFA
8101,15963533,Ù…Ø¯ÛŒØ± Ú©Ø§Ø±
8102,13666099,Amin Mirlohi
8103,16522685,Ù†ÙˆØ§Ø±
8106,16314944,Azmooner 1
8109,14533505,Dr. Saina
8110,12368196,farshad akhtarian
8111,15965024,Payam esmi
8112,15510707,Ù…ÙˆØ³Ø³Ù‡ Ø¯Ø§Ù†Ø´ Ø¨Ù†ÛŒØ§Ù† Ù†ÛŒÙˆØ´Ø§
8113,14932527,Hossein Javanmardzadeh
8115,16653779,niklas10
8116,16384213,Vertex Web
8118,10049102,Mohammad Reza Boozary
8119,14762276,Radio Mehrgiti
8120,14629541,SELCO IR Ù¾Ú˜ÙˆÙ‡Ø´ Ø³Ø§ÙˆØ§Ù„Ø§Ù†
8121,16678364,martia online
8123,16573730,M B
8125,13293089,hamed mahouti
8126,11313631,Ù¾Ø±ØªÙ‚Ø§Ù„ Ú©Ø³Øª | Ø¢Ú©Ø§Ø¯Ù…ÛŒ Ù¾Ø±ØªÙ‚Ø§Ù„ÛŒ Ù‡Ø§
8127,14878632,mashverapp
8129,15875125,Academy Farjami
8130,14593158,Dena Farhang
8131,13918888,MOHAMMAD REZA SAMIEI
8132,16485643,Zendegi Mamouli
8133,11277037,Aryo1
8135,15288444,Kaveh Firouz
8136,14756265,Hooman Mazin
8137,14761256,7Learn
8139,8570050,Hamed Zaghaghi
8140,15631739,Hossein Rahmatizadeh
8142,15392635,kar chart
8144,14575907,Ejare Khune
8145,15634016,GOAL BE KHODI
8146,15214575,SELCO.IR ØªØ±Ø¬Ù…Ù‡ Ùˆ ISI
8148,16006920,siamak aflatonian
8149,15576089,Nnaqavii Nnaqavii
8150,14147137,Masood Sadri
8152,14213129,Ø±Ø®ØªÚ©Ù† - Rakhtkan
8155,15836743,Napro Cast
8157,15734207,elmira nikan
8158,16323236,TvSerat
8159,14838041,RadioParadox
8160,13960324,RADIO POL
8162,15365654,Zang_e_ensha
8164,15633465,Alireza Hadiyan
8165,15066611,ardalan m
8166,14490960,Taban Shahr
8167,15928026,FBAMAP
8168,15626492,bluecoldroom
8170,16847566,Ø¨Ø§Ø²ÛŒ Ø³Ø§Ø² Ø¨Ø§Ø´
8172,18591905,behzee team
8173,9740762,deeppodcast
8174,13432297,iran 57
8176,14649558,Mahdi Khd
8177,15131925,Ú©ÙˆØ¯Ú© Ø²ÛŒØ±Ú©
8178,16228881,radioshahnameh
8179,15960898,Amir Jamshidi
8180,15852123,Ù…Ø¯ÛŒØ±Ø§Ù† Ù†ÙˆØ§Ù†Ø¯ÛŒØ´
8181,14684372,Alireza Masihadam
8182,12188087,Mohsen Ghasemi
8183,12891118,Mohammad Saberi
8184,15654045,sajad zamani
8185,15890430,Ù…Ø³ÛŒØ± Ø®ÙˆØ¯Ø´Ù†Ø§Ø³ÛŒ
8186,11227619,Ø±Ø§Ø¯ÛŒÙˆ Ù¾Ø±ØªÙ‚Ø§Ù„
8187,11814877,rezasaad
8188,16051484,Younes Ghorbany
8189,14800774,Reza Kalantari / Ø±Ø¶Ø§ Ú©Ù„Ø§Ù†ØªØ±ÛŒ
8191,13908152,Hadi Khorsand
8193,15946597,RadioDaneshju
8194,15248301,Ø´Ø¨Ú©Ù‡ Ú©Ø³Ø¨ Ùˆ Ú©Ø§Ø± Ø¯Ø§Ù†Ø´ Ø¨Ù†ÛŒØ§Ù†
8195,16313311,Sup3 Mavara
8196,16107143,Bijan Amiri
8197,13053409,podcast 24
8198,11181565,HESAM SHARIFI
8199,10070604,garseh
8200,11047680,farhad raham
8201,14156147,aysan zarfam
8203,16206066,Ø¯Ø§Ù†ÛŒØ§Ù„ Ù†Ø¸Ø§Ù…ÛŒ
8204,15680150,Meisam Fereidounpour
8209,21372557,Ù…ÙˆØ²ÛŒÚ© Ú¯ÛŒÚ©
8210,18602542,Ù¾Ø§Ø¯Ú©Ø³Øª Ø·Ù†Ø² Ø§Ø³Ø·ÙˆØ±Ø§Ø®
8213,16516561,Radio CONFORMIST
8215,18559610,tiwall Radio / Ø¢ÙˆØ§ÛŒ ØªÛŒÙˆØ§Ù„
8217,18473097,Ú©Ø§ÙˆØ³ Ú©ÛŒØ§Ù†ÛŒ
8218,18642676,Ø¢ÙˆØ§Ù‡Ø§ÛŒ Ú©Ù… Ø´Ù†ÛŒØ¯Ù‡ Ø§Ø² Ø¯ÛŒØ±ÙˆØ² ØªØ§ Ø§Ù…Ø±ÙˆØ²
8219,18024474,afsaneh ab
8221,18361178,wp season
8222,16853551,GamePass.ir
8223,18320223,Ø´Ù…Ø§ Ø±Ø³Ø§Ù†Ù‡
8224,18070998,Dastgheib
8225,18443027,Gibreel Walla
8227,18330039,Findatour
8228,18428938,Ø§Ø³ØªÙˆØ¯ÙŠÙˆ Ø³ÙŠÙ†Ù…Ø§ÙŠÙŠ Ù…ÙˆØ¬ Ù‡ÙØªÙ…
8231,18632400,Ù¾Ø§Ø¯Ú©Ø³Øª Ø§Ù…Ù‘Ø§
8234,12391755,hamed nekoukhou
8235,17816348,negiinsey
8236,18336777,Vahid Sadeghi
8239,15437916,Ali Amir Aghie
8240,18540733,Paragraphic Life
8241,18003241,ØµØ¯Ø§Ø¨Ø§Ø²
8242,15843846,siavash saffarianpour
8245,16886415,ablah ablahtar
8247,18737717,ParaTalk
8250,16737564,Ø±Ø§Ø¯ÛŒÙˆ Ø¨ÛŒâ€ŒØ§Ø³Ù…
8251,18173138,MojovCaster
8253,18876746,shahrara yazd
8255,18561725,AmirMohammad SheikhNejad
8256,18891517,ÙØ§Ø·Ù…Ù‡ Ø¨Ø§Ù‚Ø±ÛŒ
8257,18548514,Hamid Khalafi
8258,6438260,Ahmad Nourmohammadi
8259,16612170,degar online
8261,18624472,Fatemeh Rezghi
8264,22893041,BehindtheScene.ir
8265,15652237,Ø¹Ù„ÛŒ Ù¾ÙˆØ±Ø¨Ø§ÙØ±Ø§Ù†ÛŒ
8266,17944471,karteseda
8267,18267997,Achaar Shallaghi
8270,18100006,ali safaee
8271,18850044,Cool hand Sasi
8273,18098464,Amir Piri
8274,16873647,Ù…ÙˆØ³Ø³Ù‡ Ù¾Ú˜ÙˆÙ‡Ø´ Ùˆ Ø¢Ù…ÙˆØ²Ø´ Ù‡Ù…Ú©Ø§Ø±Ø§Ù† Ø³ÛŒØ³ØªÙ…
8275,18849481,jamal ghamari
8277,15040587,ÛŒØ§Ø´ÛŒÙ†
8278,15517938,faezeh
8279,17369704,mohammad ghasemi
8280,11047636,doorbinet
8285,18775745,Ø­Ø³ÛŒÙ† Ø¬Ù†Ø¯Ù‚ÛŒ Hossein Jandaghi
8286,17528418,F Nazari
8288,15433329,Parsa Khaleghi
8290,18139323,arash norouzii
8291,18077914,Ramin Qadrdan
8295,18332338,Seyedhamid Hosseini
8296,18689956,Sunny Web
8297,17992108,Hossein Moavi
8298,17146861,Guiti Safarzadeh
8307,10399523,Omid Soltani
8318,10066127,Hamed Ghaderi
8320,24278354,Ø­Ù…ÛŒØ¯Ø±Ø¶Ø§ Ù…Ø­Ù…Ø¯ÛŒ
8401,17908078,sanati nutrition
8406,8856035,Ø­Ù…ÛŒØ¯ ÙØ±ÛŒØ¯
8429,18970169,Radio E
8433,19049702,Shokufayi
8435,19013081,AliQoliAqa Museum
8440,17951443,baghe3e
8442,16234118,seyed moosa Hosseini
8446,18957823,Neshanak Art Group
8459,19047935,Amir Sed
8462,15640452,Reza Jafari
8465,18803271,My Hero Podcast
8469,18526217,LFCPersian
8471,16021240,Fatemeh Mojeni
8472,10348440,radio day
8476,15552089,Amir Movahed
8482,19037447,pelak podcast
8485,19050037,Mehdi Delrobaei
8487,15607397,Lexios
8488,18916678,istt. ir
8491,18990946,tehran images
8492,18801384,ØªØ§Ø±Ú©Ø¯ | Tarcode
8493,19059529,ShM Podcast
8503,8537027,Ø§Ø³Ù…Ø§Ø¹ÛŒÙ„ Ù…Ø­Ù…Ø¯ÙˆÙ„ÛŒ
8505,7509275,Amaj Anvar Haghighi
8506,21468791,Kiarash Kazemi
8513,19136296,Mansoureh Shojaee
8529,11714417,Massoud Heydarian
8535,19797060,Raam Azodi
8536,10228008,Radio Tameshk
8537,8095277,Kayvan Hosseini
8538,9033233,dariush
8539,10267050,kianoosh Hosseini
8543,13646132,Pich_okham
8544,13726796,ATO B SCHOOL
8545,13574032,Mehrnosh lak
8547,9495475,Nafas.
8548,13631704,Milad Moqaniyani
8549,12399326,Liz4rd
8580,10385379,40Cheragh Admin
8605,10433519,Fanoos
8641,10473232,Ashkan Mehr Roshan
8643,9815633,Cafe Hayat Podcast
8644,9841473,Morteza Madadi (Amir)
8648,7892492,Frankenstein monster
8649,9109590,Scan Bazar
8651,18892252,Radio Sorkh
8653,8746695,Nazi MK
8655,8335374,moein
8658,8655698,Mostafa Shalchi
8667,8642269,behnam daraeizadeh
8668,9012039,Hesam Esfahlani
8691,8494791,Hamed Otadi
8693,8630581,Geek Stroganoff
8700,8570276,Mehdi Ahmadi
8723,26338125,Ø±Ø§Ø¯ÛŒÙˆ Ø´Ø¹Ø±
8762,9674784,To â€œTohid.norooziâ€ Noroozi
8779,13050431,Mohammad Bagherian
8780,14422859,Palangestan Studio
8782,14333453,fd music
8783,15505007,pizhameh
8787,12511870,Evan Akar
8788,13855372,BTIU
8794,15726121,Nikan Heydari
8810,19621969,Tame Naghd
8814,18487172,Ù¾Ø§Ø¯Ú©Ø³Øª Ø¹Ù„Ù…ÛŒ Ù‡Ø§Ø¨ Ú©Ø³Øª
8819,8153526,Shahab Farjampour
8820,20177885,DisBook
8856,21513439,Amin Shams
8869,11073483,hamid reza nekooei
8870,16055952,Kandoo Podcast Ù¾Ø§Ø¯Ú©Ø³Øª Ú©Ù†Ø¯Ùˆ
8872,17109894,alghadir radio
8873,20059222,BCR Group
8883,17992996,Dr Arash Kalantar
8898,19511195,h_hamed_62@yahoo.com
8905,16598879,radio_chahchahe
8917,19992280,Mohaddeseh Mahdloo
8921,17713228,Vargha J
8923,18948897,MJavad Mohammadzadeh
8942,18838348,radiodenj
8944,15376142,Hamed Zaker
8955,19895152,Ellee Bokharachi
8956,19910736,Grandima com
8963,10431737,Amirali sepanlou
8967,16048321,Sohrab Karamroudi
8973,19778445,Doricoin
8993,12154126,Sam Siroos
8997,19988185,Anahita Aghataher
9001,20108450,Asatid Podcast
9010,20662708,Ø§Ù…ÛŒØ¯ Ø¢Ø±ÛŒØ§ÛŒÛŒ
9011,20122574,mojebazaryabi bazaryabi
9018,19881893,mohamad eshaghi
9024,20142049,pedram baastani
9028,20276731,Searching For Truth
9031,20297060,MastoPodcast
9033,20560787,Sevda Basiri
9040,19954657,delaram robati
9042,20646626,Libiido podcast
9065,15592438,Meshkat Monghate
9069,20167135,Amirhosein
9086,20407017,hichannel podcast
9103,21784218,Saeed Hasani
9111,20656397,Yosof bostani
9114,20478261,Amir Zarqam
9121,20231498,movarekhpodcast
9135,17842701,ModeAmooz
9154,20364970,karafarini kerman
9160,21809424,Hesam Kamand
9171,20531476,ghesseham
9174,20655894,saraye charkh
9180,18722859,MiladNosrati(Ù¾Ø§Ø¯Ú©Ø³Øª Ø²Ù†Ú¯ ØªØ§Ø±ÛŒØ®)
9189,19346854,Soroush Haghi | Ø³ÛŒØ¯ Ø³Ø±ÙˆØ´ Ø­Ù‚ÛŒ
9198,21342993,mamanest Co
9208,16170823,bidarz.ir
9223,20684029,komeil sadegh
9227,19843255,Navid shakourian | Ù†ÙˆÛŒØ¯Ø´Ú©ÙˆØ±ÛŒØ§Ù†
9231,20537506,Nashre Ney
9236,19173529,Arash Maghsoudy
9243,20568889,Radiooffer
9249,20151011,WhyZ
9251,14651213,Ù‡ÙˆÙ…ÙˆÙ‡Ø§ÙŠØ²Ù†Ø¨Ø±Ú¯
9259,18232310,amir mobaraki
9283,21251375,Fardad Farahzad
9294,20345024,podcast+18
9295,21276190,Mohammad amirian
9301,15539124,ÙØ±ÛŒØ¯ Ø¯Ø§Ù†Ø´â€ŒÙØ±
9304,20254880,TenByOne
9309,16958305,Ø³Ù¾ÛŒØ¯ Ø¬ÙˆÙ‡Ø±ÛŒ
9334,21168518,arfa maddi
9363,16888343,Ù…Ø­Ù…Ø¯Ø±Ø¶Ø§ Ø·Ø§Ù‡Ø±ÛŒ
9388,21885786,Siavash Noorbakhsh
9444,19368071,Hamid Reza Farrokh Seresht
9446,19603655,samapodcast
9452,20320765,Ali Kashi
9464,13590808,hamoon ghapchi
9479,10119398,moein kanan
9482,11845061,Fereshteh Alipour
9488,22027765,Sahar Mansouri
9495,21913067,Pouria Ahmadipour
9503,20060720,Tourist Studio
9505,20379621,Bardia Ahmadi
9506,20744221,ginobati
9507,20639682,Radio janan
9509,24626914,Kenareham
9512,21042028,Avaye Peyvande Melal
9515,21667103,sedigheh farahani
9516,21638390,amirsha shahmohamadi
9520,21584047,Kara Podcast
9522,21382026,Sahab Marketing
9525,22173871,Radio Canaan
9527,22144043,Dekstop
9531,21221505,Saeid Zare Mohammadi
9532,22217481,Moein danesh ara
9533,17720027,ahmad mohammad alizadeh
9535,19368024,Alireza Eivaznejhad
9537,19670409,Sajad Nurian
9542,18253522,Mehdi Tabatabaee
9552,24803509,Ù¾Ø§Ø¯Ú©Ø³Øª Ù†Ø¯Ø§Ú¯Ø±
9560,22338295,mug cast
9564,21529629,nima nasiri
9571,20497924,Atefeh .f
9577,21458460,Cholex
9602,22539287,CyberGeek Podcast
9606,22706772,CIF Cast | Ù¾Ø§Ø¯Ú©Ø³Øª Ú†Ù„Ø³ÛŒ Ø§ÛŒØ±Ø§Ù†ÛŒØ§Ù† ÙÙ†Ø²
9609,22659029,mahsa jamshidi
9620,22825873,Mh.Malaktui
9631,21638048,Ø§Ø­Ø³Ø§Ù† Ø¹Ø¨Ø¯ÛŒ Ù¾ÙˆØ± ehsanabdipoor
9632,24022917,Anseto
9638,20949423,Ozee
9644,19558759,Boocast
9655,22422489,ÙØ±Ø§Ù‡ÙˆØ´ | Ù…ÙˆØ³Ø³Ù‡ Ø¹Ù„Ù…ÛŒ - Ø¢Ù…ÙˆØ²Ø´ÛŒ - Ø§Ù†Ú¯ÛŒØ²Ø´ÛŒ - Ú©Ù†Ú©ÙˆØ±ÛŒ
9659,21275296,Ù¾Ø§Ø¯Ú©Ø³Øª Ø³ÙˆØ¯Ø§
9668,22584423,WebCast
9670,23794226,Alireza Zarei
9676,16634188,peyman shadian
9680,18899483,Nickrooz Mehrtash
9684,20636449,Mat1n
9690,22015185,Bahram Boroumandan
9697,19484780,Alireza Khandabi
9704,19086043,koorosh komeilizadeh
9710,9489759,Mehdy Khoshnoody
9717,23208538,MinerGuns
9720,23183285,littleamir
9735,21110274,Radio sakht
9745,20858699,zhaav podcast
9755,23415173,Radio 37 Podcast
9766,23548830,jahani vector
9771,21554440,Gelareh Abdi
9773,35326790,yaddasht
9775,24360838,ali siamaki
9778,23446339,CiferTech
9779,20661608,islam for my kids
9787,23475202,IMAN ADIBI
9791,22907569,M E H D I
9793,22462438,Farz Cast
9796,22834422,Yasmin Hashemi
9799,20629865,iman forex
9825,23849575,Jaleb cast
9826,23567428,Kiandokht Jalali
9828,25089741,Ø¯Ú©ØªØ± Ù…Ø­Ù…Ø¯Ø±Ø¶Ø§ Ø­ÛŒØ¯Ø±ÛŒ
9835,22860604,Ù¾Ø§Ø¯Ú©Ø³Øª Ù†Ø§Ù…Ø±Ø¦ÛŒ| namaree podcast
9839,23372052,roozrang
9843,18232547,emran dogan
9850,23222092,Ketab Dastani
9851,23756665,iMAN Cast
9852,18931667,mostafa mansoury
9861,20103419,Babak Amani
9864,20655013,Ø¹Ù„ÛŒØ±Ø¶Ø§ Ø¬Ù‡Ø§Ù†ÛŒ
9865,24105389,radio zaban
9867,24186861,Where is Home Series
9896,15739388,Sahar Rafi
10093,27945961,Ghaasedak Podcast
10100,8764598,arash doran
10209,22951903,Mina
10210,21803327,maned | Ù…ÙÙ€Ù†ÙØ¯
10214,21743026,Ø³Ø®Øª Ø§ÙØ²Ø§Ø±Ù…Ú¯
10216,24210231,Sargijeh
10231,21606588,Farshid
10235,25237291,ZibaClick
10236,18849942,Ashkan
10383,30126233,Shabhaye_roshan_podcast
10408,25246024,hosseinie karbala
10582,23899122,Parcique
10598,21059264,Ù¾ÛŒÙ…Ø§Ù† Ø¨Ø±ÙˆÙ…Ù†Ø¯
10599,20356286,mohamad amin
10641,10516634,ironking63
10646,18851307,Certfa
10649,24452578,Navid Khadivi
10650,18732408,mehrdad alipour
10652,11944439,Mohammad Razeghi
10653,15283867,seyyed mahdi
10654,23666621,Bijanbijane
10661,14792201,hamid mohajerani
10673,18490803,Singularity Podcast
10703,20152366,siavash aghdaie
10704,19630569,marzi shahresabz
10709,19521545,shirin bayan
10711,19262385,Inbo Bot
10718,15206127,Saman
10719,19281343,Dublin Iranian Church
10720,19214136,havosh Accelerator
10722,19633022,Rozaneh radiogoftogoo
10724,19322235,seyed mostafa azmayesh
10725,20136487,modaarair
10726,19683229,35 35
10727,10099650,Ø§Ø³Ø¯Ø§Ù„Ù‡ Ø´Ù‡Ø¨Ø§Ø²ÛŒ
10728,19383607,Farbod Varzandeh
10729,10737082,Abbas Karimi
10730,19873192,Behrouz Pakshir
10731,19212263,uni pod
10732,19007686,Mohammad Gharibi
10733,19613468,Ù¾Ø±Ø³Ø´ Ù‡Ø§ÛŒ Ø§Ø³Ù„Ø§Ù…ÛŒ
10734,19229243,ZoTaxGaming
10735,19570162,Arman Famil dabiri
10736,19453299,Farnaz
10737,19642894,qafcast
10741,19192613,Arefeh Barati
10742,19876149,Ù¾Ø§Ø¯Ú©Ø³Øª Ø®Ø´Øª
10743,19255491,Radyol Podcast
10745,19515246,Parantez Group
10746,19208791,Radio Hawa
10747,19753192,Saj Sal
10748,19655341,Radio Keyhan
10749,19452214,nima nashenas
10750,20173089,Mohammad Mahdi Shirazi
10752,19168940,Zahra Rafati
10753,19365308,Ø¹Ù„ÛŒ ØµØ¨ÙˆØ­ÛŒ Ø·Ø³ÙˆØ¬ÛŒ
10754,17215308,Tarokh Tarhandeh
10755,7981399,Ù…Ø³Ø¹ÙˆØ¯ ÙˆØ­Ø¯ØªÛŒ
10757,19393366,Den.ir
10758,19507174,mehrdad nazari asli
10759,19436016,ibshop
10760,19844510,Radio Bamikan
10761,20009851,Shahin Najafi
10762,19780521,ShaBooks
10764,19245058,HighGame
10765,17421905,Hadi Azimi
10766,19951105,Comiic Boy
10767,18917630,Nasrin
10768,19640590,Ø­Ù…ÛŒØ¯Ø±Ø¶Ø§ Ø±ÙˆØ­ Ø¨Ø®Ø´
10769,20124779,ab soodan
10770,19017736,leila papoli yazdi
10771,18828205,RadioSafar
10772,19617118,Ehsan Khajavi
10773,14855596,Shervin Hl
10774,16212182,amir hossein khorram
10775,20085454,Mohsen Jabbareh Asl
10776,19924525,Aban.Radio
10777,20210066,Mehdi Mahjoob
10778,18978920,Khaneh Podcastiran
10779,19068121,mohsen
10780,16356259,Mr SoF
10781,19498655,Hamidreza Saadati
10782,19961981,Amir Parvasnan | Ø§Ù…ÛŒØ± Ù¾Ø±ÙˆØ³Ù†Ø§Ù†
10783,20134636,Mind Co
10784,19460472,learndl ir
10785,19347059,siravn chawshini
10786,19334988,IDPay
10787,19552927,alimokhtari@msn.com
10788,17830296,Ø³Ø§Ø±Ø§ Ø®ÙˆÛŒØ´ØªÙ† Ø¯Ø§Ø±
10789,19340054,Ø¢Ù…ÙˆØ²Ø´Ú¯Ø§Ù‡ Ø²Ø¨Ø§Ù† Ø³ÙÛŒØ± | Safir academy
10790,15770025,Ø¬Ø§Ù„ÛŒÙ†ÙˆÚ©Ø³
10791,19207536,Sepanjgah musicpodcast
10792,19370147,Daalicast
10793,20146967,Charlie Whats
10794,19558293,Ù†Ø¯Ø§ Ú©ÙˆÙ‡ÛŒ
10795,20133762,fundbook
10796,19306691,Walkman Project
10798,19517862,JunkyCast
10799,15786699,Reza Dianat
10800,19454605,Navid Hamidi
10801,19535023,namad plus
10802,15241474,Ali Mirzazadeh
10803,17429080,Alireza Sadeghzadeh
10804,15504949,Hamidreza Shodjaziba
10805,18148853,Ø±Ø§ÙˆÛŒ
10806,19094064,ÙÛŒÙ„Ø³ÙˆÙ Ø®ÛŒØ§Ø¨Ø§Ù†
10807,19123452,HoØ³eiN â­
10808,14647117,hosseine8
10809,19470365,ANG Ù‡Ù„Ø¯ÛŒÙ†Ú¯
10810,19449480,FreeKick_Podcast
10811,19509189,pody team
10812,19634998,Medpluspodcast
10813,19083525,Morteza Taheri
10814,15208626,Srfarzaneh
10815,15762088,Soheil Sharifi
10817,19143011,Mark Armando
10818,19684106,The Motivaniac People
10819,19115781,yosef sanaty
10820,20220963,Mona
10821,7263466,alimohammadian com
10822,19651950,Hezaro Yek Shab Podcast by meri fard
10823,19134756,donya nikoomanesh
10824,19208523,Ø´Ù‡Ø± Ù…ÙˆÙÙ‚ÛŒØª
10825,19498897,im Danial
10826,20221820,Mokaab manage
10827,19067179,Emanoil Holy
10828,19450590,ali meschi
10829,8331934,Soroush Sarabi
10830,19592964,Ø±Ø§Ø¯ÛŒÙˆ Ø¨ÙˆÙ…
10831,19189746,arash ravazjian
10833,19319442,Red Folklore
10834,19897106,sdrt88 s
10835,19504500,samio (Ø³Ø§Ù…ÛŒÙˆ)
10836,19145300,iman cohen
10837,19823778,Radio ARA
10838,19477280,UniVoiceir
10839,19750566,iman sariri
10840,19845232,Ø¢Ø±Ù…Ø§Ù† Ø§Ù…ÛŒØ±ÛŒ
10841,20028433,afsoon ahmadi
10843,20171787,saeed soltanmoradi
10844,19221041,Ahmad Shamlou
10845,20125061,Ghazal Refalian
10846,19997370,FCBarcelona.ir
10847,19339037,Ù…Ø§Ù‡ÛŒ (Ø®Ø§Ù†Ù… Ø®ÙˆÙ†Ù‡)
10850,19508276,safirmall
10851,19651450,Ebrahim Varasteh
10852,20142219,Ù¾Ø±Ø¯ÛŒØ³ ØªØ¦Ø§ØªØ± ØªÙ‡Ø±Ø§Ù†
10853,19040001,Mojtaba Amininasab
10854,16752586,BernabeuCast
10855,19863871,Ù‡Ø³ØªÛŒ Ú©Ø´Ø§ÙˆØ±Ø²
10856,15620817,Danial Dezfouli
10857,14964192,Mhmmd Smdi
10858,19822587,Maze Cast
10859,19642918,artist sho
10860,17001308,Meisam Honari
10861,16730650,hamid sabaghi
10862,20175672,Hamed Ahmadi
10863,18857238,metroplus
10864,20048528,Ú©Ù„ÛŒÙ†ÛŒÚ© Ù„ÛŒØ²Ø± Ø´ÙØ§
10866,16581243,niloofar
10867,19344221,Ø±Ø§Ø¯ÛŒÙˆ Ø¯ÙˆØ³Øª
10870,19313343,Delneshin
10871,10893953,3 min
10872,13958896,mahdi meisami
10873,19175467,Vahid Sharee
10874,19788442,Pari Sima Yazdan Panah
10875,19313873,parham kalantari
10876,20032075,Dobate Podcast / Ù¾Ø§Ø¯Ú©Ø³Øª Ø¯ÙˆØ¨ÛŒØª
10877,9031295,maana center
10878,8972146,Reza Alipanah
10879,17529862,Omid Fadavi
10880,18901365,Koiras Pazoki
10881,18020544,Rishe Studio
10882,18617940,OrderCast
10884,16697630,Ø±Ø§Ø¯ÛŒÙˆ Ù…Ø¯Ø±Ø³Ù‡â€ŒÛŒ Ø²Ù†Ø¯Ú¯ÛŒ
10885,18255285,Shziuo
10887,17999406,Arash Sadeghian Haghighi
10889,18505901,Ù‡Ø§Ù…ÙØ´
10890,14643949,Arash Hadadgar
10891,15632297,Majid Khosravi
10892,16698444,Esmaeil ASLANI DIRANLOU
10893,16965452,mim.cast
10894,18335743,honarenaghd 1399
10895,16247625,Amin Tofighi
10896,18399893,Rozhina5
10897,18028599,bisturi bisturi
10898,18244023,tarz pod
10899,18790839,Hafez Bourse
10900,15748322,David Mousavi
10901,18764399,Ù¾ÙˆØ±ÛŒØ§ Ø§Ø­Ù…Ø¯ÛŒ
10907,16885549,fesgelland
10909,16703415,Abbas_vm
10910,18015563,Nikahang Kowsar
10912,22999540,Pezeshk.io
10917,22595921,Reza
10919,24776563,Mohsen mokhtari
10920,22122657,capsule
10922,21701573,FootFunCast | ÙÙˆØªÙØ§Ù†Ú©Ø³Øª
10923,24319247,AmirAli Parsa
10927,24768698,Pooyan Sedghi
10931,15441773,Ù¾Ø§Ø¯Ú©Ø³Øª Ú©Ø³Ø¨ Ùˆ Ú©Ø§Ø± Ù‚Ù‡ÙˆÙ‡ Ø¨Ø§Ø±ÛŒØ³ØªØ§ Ú©Ø§ÙÛŒÙ†Ùˆ
10932,24794322,Ø§Ø­Ø³Ø§Ù† ÙØ±ÛŒØ¯ÙˆÙ†ÛŒ - Ù†ÛŒÚ© Ø´Ø¬Ø§Ø¹
10936,21584022,Ù…Ø­Ù…Ø¯ Ø­Ø³ÛŒÙ†â€ŒÙ†Ú˜Ø§Ø¯
10939,24640836,Amir Shokri
10940,22955723,Pirouzi
10941,23351523,Ftme Kmrny
10942,21871455,Ponisha Ponisha
10943,18083196,omidbeheshtian
10951,20148917,RadioCannel
10952,25485530,K.A.A.M Talk
10954,22544523,SedMedi narrator
10961,17688142,Arash naseh
10962,24099633,radio bihesar
10966,28216399,BadTrip Podcast
10970,24238220,Amirreza dehghan
10971,27419130,Jaryan
10973,22414402,VALENSY
10975,20207015,Shahriar Amiri
10979,21793128,Mad Boys
10980,23521985,Radan Mohseni
10986,24950835,Siamak Derafshi
10987,23867042,Ø§ÙˆØªÛŒØ³Ù… Ùˆ Ø®Ø§Ù†ÙˆØ§Ø¯Ù‡
10990,24953453,Rahman
10991,24164336,Omid Shojaei
10995,24480008,aliakbar akbarpour
10997,24746555,GeeksDen007@gmail.com
11005,24768392,Soheil Eshragh
11006,21407611,mamabook
11007,25370469,Mactab
11009,22482945,Razi omidvar
11011,23893696,sajjad fattahi
11015,29211121,mohammad mousavi
11021,23840544,ali alavi
11022,15786888,HOSSEIN MANAFI
11023,23777867,Esmaeil MohammadNezhad
11024,25291148,amir momeni
11025,26910249,mohammad noorani
11026,24823155,Point Podcasts
11031,24813035,Nim Dang
11032,12319321,Fishnchips Podcast
11033,25554786,Hassan Nassiri
11045,24697869,sharafi eth
11077,25366091,Maysam Gorji
11078,23465367,kaino sard
11079,23830625,sajad faraji
11085,22754257,Faeze Zardini
11088,25651685,sober talk - Ø³ÙˆØ¨Ø± ØªØ§Ù„Ú©
11089,25788817,kanape plus
11101,19630646,Mood Cast
11103,25891122,Morteza Pourmirzai
11105,25856787,Radin Emad
11111,16340591,Arman Abbasi
11120,21555630,Mohammad Golpayegani
11125,22304290,amir ahmadi
11128,25122545,Eranshahr m
11133,32508047,Dr Z Akhavan
11135,23723419,RADIO SMOKE
11136,25862386,Ø²Ù‡Ø±Ø§ Ù…Ø¹ÛŒÙ†ÛŒ
11139,17555097,Azadeh Edjlali
11140,23823489,Asad Salihi
11143,23399136,Saviour Words
11145,19832923,abdimedia
11147,22340643,Woditalk
11148,22202989,Ú©Ø§Ù†Ø§Ù„ Ù†Ù‚Ø¯Ø¢Ú¯ÛŒÙ†
11149,21968716,Chera Jangidam Podcast
11150,20517596,drsargolzaei
11151,21182889,Roshangari
11152,26229497,Sinasamipour
11153,25149190,hiva sovgend
11157,19429993,zahra mohebi counselor
11158,23619042,Queen Of Myths Ù…Ù„Ú©Ù‡ Ø§Ø³Ø§Ø·ÛŒØ±
11159,25612250,shab.ir
11161,25916489,gtm podcast
11162,26412516,GerdooTv
11163,25730146,Bahram Azizzadeh
11164,26018627,Moment 33 | Ù„Ø­Ø¸Ù‡ Û³Û³
11165,22278359,ida.md
11166,26420374,Mahmood Beigi
11168,26384790,Vision Cast
11169,20164545,Afshin
11170,25919687,Studio yaale
11171,26515617,alireza marhaba
11173,26590639,radio eco
11176,26443611,adib gho
11177,7645262,Mahdi Ahmadi
11179,22715949,The Joe Rogan Experience
11180,19569995,Amir Rostami
11182,25699127,Podcast KhaneAzha
11185,23115001,Robo Tik
11187,23550188,Farhad Dehghan
11190,26418725,Vaghte Tehran
11195,26447182,Sime Akhar
11198,11144083,RighTREX
11199,17711680,Nazanin
11200,25273415,Kasraa ghiayee
11201,24000671,agah yar
11202,17951737,Ø¯Ú©ØªØ± Ø¹Ø±ÙØ§Ù† Ø¹Ø¸ÛŒÙ…ÛŒ | Ø±ÙˆØ§Ù†Ø´Ù†Ø§Ø³
11204,23424642,Daneshgoo
11205,16756550,Ø­Ø³ÛŒÙ† Ù…Ø¯Ø¯Ø²Ø§Ø¯Ù‡
11206,23648751,mohammad ghasemi
11208,20200057,Pedram Farhani
11213,11538794,baroonimsm
11214,23717818,amirreza akbari
11215,21301385,Amin
11216,24594129,Circle Group
11219,24789069,Ù…Ø­Ù…ÙˆØ¯ Ù…Ù‚Ø¯Ù‘Ø³ÛŒ
11220,27146859,Z TheGuest
11221,30052782,Radio Irane Ma
11222,26072499,Ø®Ø±ÛŒØ¯ Ø§Ø±Ø² Ø¯ÛŒØ¬ÛŒØªØ§Ù„
11223,23365245,Hessam Shekhasany
11224,23069590,nowshid_ir
11225,27254138,Sorosh Azizi
11228,21778991,Fatemeh musapoor
11229,18010176,Mani Sangelaji
11230,23835973,Ú©Ø§Ø±Ø³Ø§Ø²
11231,27303897,Ganje Bidari
11235,18442555,Saeed Molaee
11236,16316088,G C
11237,27264107,Arash Nalchegar
11238,25754316,Ø§Ø¯Ø¨ Ù¾Ø§Ø±Ø³ÛŒ
11241,26076938,PlotCast
11243,18840456,peyman reshadi
11245,27400249,Ehsan Aliabadi
11247,27454466,Bisti Podcast
11248,24655941,sepirah
11249,24774151,Mohammad Basiri
11250,24096710,cadregallery
11253,24227153,Ø±Ø§Ø¯ÛŒÙˆ Ù¾ÙˆÛŒØ´
11254,24161652,Irancultura
11257,21621720,Mersad_grp
11259,27771261,Maryam Ghaderian
11260,27715447,AA
11261,24127740,ali erfanian
11265,11088745,rasool modarres
11266,26103530,Trader X
11267,10474341,Hamid Erfani
11269,11099711,Ehsan Khodashenas
11271,24199910,Ø¬Ù†â€Œ Ùˆ Ù¾Ø±ÛŒ
11272,19481838,Peyman Shouryabi
11276,17247708,ahoora niazi
11277,26641786,nasrinnaghilou
11286,10877431,Mohsen Nazemian
11287,24187996,Whomaan
11288,24347239,Ù¾Ø§Ø¯Ú©Ø³Øª Ø§Ø² Ø¬ÙˆÙ† Ù‡Ù… Ú†ÛŒ Ù…ÛŒØ®ÙˆØ§ÛŒÙ…ØŸ
11289,28372845,Ù…Ù„Ø­Ù‚ ØªØ¬Ø§Ø±ÙŠ Ø§ÙŠØ±Ø§Ù† Ø±Ø¶Ø§Ø²Ø§Ø¯Ù‡
11292,28073110,ID28073110
11295,27830518,Kherad Pods
11296,27350361,Ù…ØµØ§Ø­Ø¨Ù‡ Ú¯Ø±
11297,15061621,Farzam Ranjbar
11298,25096992,#free_Iran
11299,23057108,Shahrtash Studio
11300,20538322,ShamShin
11302,23179854,Naghsh Podcast | Ù¾Ø§Ø¯Ú©Ø³Øª Ù†Ù‚Ø´
11303,20681534,Archoppo
11305,16826863,Mehrdad Okhowat
11307,23158968,DJ MOREY
11310,28158815,Ù¾Ø§Ø¯Ø³Ø§Ø¹ØªÚ¯Ø±Ø¯ Ù¾Ø§Ø¯Ú©Ø³Øª
11312,26106820,AmirHosein Arsin
11314,28250665,yad media
11315,21105524,roodabeh
11316,25434036,Arnika Cast
11317,24475845,Radio Olympus | Ø±Ø§Ø¯ÛŒÙˆ Ø§Ù„Ù…Ù¾
11320,28265766,k.by.katayoun
11323,28128235,Radio OFF
11325,24981863,radio risheh
11326,18143952,Mohammad Moltamesi
11327,28344464,Mason Aryan
11332,14796719,Aria Shahdadi
11333,32765155,Asal ...
11335,26840001,Persepolis VillageCom
11337,17019014,Mahdi Sharififard
11339,11687030,Ramin Zare
11340,10025278,Tehranclimbingclub
11341,23105004,Ali Abbasi
11342,18564455,Persian Geek Pedia
11346,24542372,Ø±Ø§Ø¯ÛŒÙˆ Ù¾Ø§Ø²Ù„
11351,25599877,hosein abedzade
11354,4250727,Ayaz Azari
11355,16381340,The MAD
11357,28249885,Determinant Podcast
11358,24661481,Ahmadreza Sarafraz
11359,26607033,Mahzarchi Ù…Ø­Ø¶Ø±Ú†ÛŒ
11360,24663815,KasbeTo
11361,24759735,sh E
11363,28584257,Dr. KHORRAMYMEHR
11364,21890660,amlakdaran
11366,25219938,Newcomer Handbook Germany
11371,24768244,Massoud Shamaeezadeh
11375,14609843,Sajjad Ta
11378,27824835,Navalogue Podcast
11379,28730038,Behzad Fazlolahi
11380,24659255,nazanin soltanigr
11390,28609939,Talkify
11391,28707257,Mohammad Hosseini
11392,15504510,Mohammad3p
11393,17270720,Amir Abarshahr
11395,28780928,Mind Matters Cast
11397,24852345,Miras Explorer
11399,28795604,Radio tosseh
11405,28955933,Radiosetare
11406,28975598,ABTalk Podcast
11407,28979187,GameRo Podcast
11412,25170476,Mehrdad
11413,29000990,FillCast
11415,29122372,Saeed Ebrahimi
11416,21127237,sohrab.sardary@yahoo.com
11418,29140696,Mohammad Afzali
11419,21276863,Parichehr Ranjbar
11420,18168622,Ø³Ø§Ù…Ø§Ù† Ø³Ù‡Ù„ Ø¢Ø¨Ø§Ø¯ÛŒ
11421,15328191,Ø±Ø§Ø¯ÛŒÙˆÚ©ÛŒØ§Ù†Ù…Ù‡Ø±|Radiokiyanmehr
11423,21083175,arash cheshmebin
11430,28531198,Libido
11432,29080277,Monyms
11433,28505336,Farhad
11434,23320251,picassomo
11435,28138513,MOHAMMAD JAVAD
11436,28250998,Farshad Jafari
11437,18067560,Maryam Torabi
11443,23142362,mohammad
11444,23617562,bidar ca
11446,29189198,Vigi Cast
11448,29347167,Oham
11450,27862902,yegane
11452,18615943,Alireza kianpour
11453,24970151,Sana Teymouri
11459,29977976,Ù‡Ø²Ø§Ø± Ø§ÙØ³ÙˆÙ†
11462,29262741,Kaarmaan Podcast
11463,28229464,Azin Arjmand
11465,27265121,Azadi Square
11466,25703951,Pardisplan
11468,30909365,matik tv
11469,30821848,EA podcast
11470,29121658,hesam
11471,30927336,Sara ghasemi
11472,31186636,Simurgh
11473,23590379,RR
11474,17796375,ahsan jahani
11476,30641591,Ø§Ø·Ù„Ø§Ø¹Ø§Øª Ø±ÙˆØ² | Etilaatroz
11479,28834115,ID28834115
11483,16366633,pooneh khalilpoorkordi
11487,18614725,ardeshir saeidi nejad
11489,27404834,Mohammad Tajeran
11490,23430765,its Madson
11491,32103058,Roniek
11492,32010347,Sina Ebrahimi
11493,19192389,nazanin golian
11495,32113740,sharif etemadi
11497,32101107,Arvand Molla
11498,27482791,ID27482791
11501,21019709,payamema
11503,31096973,Mahsa Amini
11506,32773994,GerdGoft
11507,33181609,R8 Podcast
11509,32916789,Blue Room
11510,33519152,Radio Ketab
11511,32252245,majazima88
11512,21814090,Ù¾Ø§Ø¯Ú©Ø³Øª Ø¢ÙˆØ§Ù†ØªØ§Ú˜
11515,21364092,Behrouz Naserolmemar
11516,28667418,Ehsan Rezaei
11518,30047260,Markaz Paydari
11519,33297321,Dark Allure
11526,28213920,Ú¯ÙØªÙ…Ø§Ù† Ø¨Ø±Ø§Ù†Ø¯Ø§Ø²ÛŒ
11529,31987344,Capitan Price
11531,33262710,Sonia
11532,35172674,Reza Safikhanii
11534,35326631,Mohamad Ghorbani
11540,18433525,Mostafa Alizadeh
11541,36080531,makansevom
11543,36592038,Radio Raavi
11544,28919400,Ø¹Ù„ÛŒØ±Ø¶Ø§ Ù†Ø¸ÛŒØ±ÛŒ
11545,35055089,MJ Rashedi
11546,32774807,Noore Tarik
11547,24341280,mahsajavani
11556,15558944,Big Psyche
11557,19569247,Matin Rezaei
11570,26342740,EM PODCAST
11572,18086204,Radiodelcast
11574,21060872,Shahran Ishino
11587,18117795,Kohan Kooy
11588,15818070,Raham
11590,21543729,"""Ø±Ø§Ø¯ÛŒÙˆ ""Ø¨ÛŒâ€ŒÙ…Ù†"
11598,19502281,Kelaket_Metaphor
11601,21903660,Amir Bostony
11604,27452360,Karnameh Podcast
11613,16381455,Harrooz podcast
11616,21188602,Ela Akbari
11622,15650024,Saeed Raad
11623,21372692,Alireza Behnoud
11627,19737403,brothers podcast
11636,23083069,NasserSharif
11638,15781647,Amir T
11642,22092323,Kimiya Tehrani
11644,20744536,Nahid Zahed
11646,23863622,Note Cast
11654,11096654,pooriya sabour
11658,20008174,Hayaho | Ù‡ÛŒØ§Ù‡Ùˆ
11676,25546703,Ali Fazel
11677,25363532,Ú¯Ø²ÛŒØ¯Ù‡ Ù¾Ø§Ø¯Ú©Ø³Øª ÙØ§Ø±Ø³ÛŒ Persian Podcast Selection
11687,24138607,shahinas
